sale_date,medicine_name,manufacturer,storage_condition,quantity_sold,temperature,flu_season,rain
1/1/2024,Paracetamol 500mg,Boston Pharma,"Bảo quản nơi khô ráo, thoáng mát",46,26,0,0
1/1/2024,Amoxicillin 250mg,Traphaco,"Bảo quản nơi khô ráo, thoáng mát",44,20,0,1
1/1/2024,Vitamin C 1000mg,Boston Pharma,Giữ trong tủ lạnh (2-8°C),67,35,0,1
1/1/2024,Ibuprofen 400mg,Traphaco,Tránh ánh nắng trực tiếp,103,29,0,1
1/1/2024,Aspirin 81mg,Traphaco,Giữ trong tủ lạnh (2-8°C),114,28,0,0
1/1/2024,Cefixime 200mg,Mekophar,Tránh ánh nắng trực tiếp,30,23,0,0
1/1/2024,Loratadine 10mg,Stella Pharma,Để xa tầm tay trẻ em,118,30,0,1
1/1/2024,Omeprazole 20mg,Imexpharm,Để xa tầm tay trẻ em,29,20,0,0
1/2/2024,Paracetamol 500mg,Boston Pharma,Bảo quản ở nhiệt độ phòng,36,25,0,0
1/2/2024,Amoxicillin 250mg,DHG Pharmacy,Giữ trong tủ lạnh (2-8°C),79,29,0,1
1/2/2024,Vitamin C 1000mg,Stella Pharma,Để xa tầm tay trẻ em,102,24,0,0
1/2/2024,Ibuprofen 400mg,Imexpharm,Bảo quản ở nhiệt độ phòng,31,25,0,1
1/2/2024,Aspirin 81mg,DHG Pharmacy,Giữ trong tủ lạnh (2-8°C),13,23,0,1
1/2/2024,Cefixime 200mg,Boston Pharma,Tránh ánh nắng trực tiếp,98,31,0,0
1/2/2024,Loratadine 10mg,Stella Pharma,"Bảo quản nơi khô ráo, thoáng mát",42,27,0,0
1/2/2024,Omeprazole 20mg,OPC Pharma,Để xa tầm tay trẻ em,93,33,0,0
1/3/2024,Paracetamol 500mg,OPC Pharma,Tránh ánh nắng trực tiếp,107,23,0,1
1/3/2024,Amoxicillin 250mg,DHG Pharmacy,Giữ trong tủ lạnh (2-8°C),40,31,0,1
1/3/2024,Vitamin C 1000mg,OPC Pharma,Tránh ánh nắng trực tiếp,92,22,0,1
1/3/2024,Ibuprofen 400mg,Imexpharm,Giữ trong tủ lạnh (2-8°C),100,25,0,1
1/3/2024,Aspirin 81mg,Boston Pharma,Để xa tầm tay trẻ em,92,23,0,0
1/3/2024,Cefixime 200mg,Mekophar,"Bảo quản nơi khô ráo, thoáng mát",89,25,0,0
1/3/2024,Loratadine 10mg,Boston Pharma,"Bảo quản nơi khô ráo, thoáng mát",112,31,0,0
1/3/2024,Omeprazole 20mg,Imexpharm,"Bảo quản nơi khô ráo, thoáng mát",21,26,0,0
1/4/2024,Paracetamol 500mg,OPC Pharma,Bảo quản ở nhiệt độ phòng,21,20,0,0
1/4/2024,Amoxicillin 250mg,Stella Pharma,"Bảo quản nơi khô ráo, thoáng mát",54,30,0,0
1/4/2024,Vitamin C 1000mg,Mekophar,Để xa tầm tay trẻ em,55,35,0,1
1/4/2024,Ibuprofen 400mg,OPC Pharma,Bảo quản ở nhiệt độ phòng,67,26,0,0
1/4/2024,Aspirin 81mg,Boston Pharma,Để xa tầm tay trẻ em,56,26,0,1
1/4/2024,Cefixime 200mg,Stella Pharma,Giữ trong tủ lạnh (2-8°C),13,20,0,1
1/4/2024,Loratadine 10mg,Mekophar,"Bảo quản nơi khô ráo, thoáng mát",98,22,0,1
1/4/2024,Omeprazole 20mg,Boston Pharma,Bảo quản ở nhiệt độ phòng,41,24,0,1
1/5/2024,Paracetamol 500mg,Mekophar,"Bảo quản nơi khô ráo, thoáng mát",52,32,0,0
1/5/2024,Amoxicillin 250mg,DHG Pharmacy,Để xa tầm tay trẻ em,82,23,0,1
1/5/2024,Vitamin C 1000mg,Stella Pharma,Để xa tầm tay trẻ em,23,28,0,0
1/5/2024,Ibuprofen 400mg,OPC Pharma,Để xa tầm tay trẻ em,30,32,0,1
1/5/2024,Aspirin 81mg,OPC Pharma,"Bảo quản nơi khô ráo, thoáng mát",118,30,0,1
1/5/2024,Cefixime 200mg,DHG Pharmacy,Giữ trong tủ lạnh (2-8°C),96,34,0,1
1/5/2024,Loratadine 10mg,Imexpharm,Giữ trong tủ lạnh (2-8°C),108,30,0,0
1/5/2024,Omeprazole 20mg,Mekophar,Tránh ánh nắng trực tiếp,108,33,0,0
1/6/2024,Paracetamol 500mg,Boston Pharma,Bảo quản ở nhiệt độ phòng,111,21,0,0
1/6/2024,Amoxicillin 250mg,DHG Pharmacy,Để xa tầm tay trẻ em,63,20,0,0
1/6/2024,Vitamin C 1000mg,Boston Pharma,"Bảo quản nơi khô ráo, thoáng mát",85,32,0,1
1/6/2024,Ibuprofen 400mg,Traphaco,Để xa tầm tay trẻ em,112,20,0,0
1/6/2024,Aspirin 81mg,Traphaco,Để xa tầm tay trẻ em,29,32,0,1
1/6/2024,Cefixime 200mg,Imexpharm,Bảo quản ở nhiệt độ phòng,99,31,0,0
1/6/2024,Loratadine 10mg,Stella Pharma,Để xa tầm tay trẻ em,67,30,0,1
1/6/2024,Omeprazole 20mg,Mekophar,Để xa tầm tay trẻ em,70,33,0,0
1/7/2024,Paracetamol 500mg,Stella Pharma,Để xa tầm tay trẻ em,53,35,0,1
1/7/2024,Amoxicillin 250mg,OPC Pharma,Bảo quản ở nhiệt độ phòng,26,23,0,0
1/7/2024,Vitamin C 1000mg,Imexpharm,Giữ trong tủ lạnh (2-8°C),100,20,0,0
1/7/2024,Ibuprofen 400mg,OPC Pharma,Bảo quản ở nhiệt độ phòng,43,26,0,1
1/7/2024,Aspirin 81mg,Mekophar,"Bảo quản nơi khô ráo, thoáng mát",70,29,0,0
1/7/2024,Cefixime 200mg,Traphaco,Bảo quản ở nhiệt độ phòng,25,26,0,1
1/7/2024,Loratadine 10mg,Mekophar,"Bảo quản nơi khô ráo, thoáng mát",28,24,0,1
1/7/2024,Omeprazole 20mg,DHG Pharmacy,Giữ trong tủ lạnh (2-8°C),111,28,0,1
1/8/2024,Paracetamol 500mg,Stella Pharma,"Bảo quản nơi khô ráo, thoáng mát",77,24,0,0
1/8/2024,Amoxicillin 250mg,Mekophar,Giữ trong tủ lạnh (2-8°C),105,29,0,1
1/8/2024,Vitamin C 1000mg,OPC Pharma,Để xa tầm tay trẻ em,48,29,0,1
1/8/2024,Ibuprofen 400mg,DHG Pharmacy,Để xa tầm tay trẻ em,46,33,0,1
1/8/2024,Aspirin 81mg,Traphaco,Bảo quản ở nhiệt độ phòng,17,29,0,1
1/8/2024,Cefixime 200mg,Traphaco,Để xa tầm tay trẻ em,112,24,0,1
1/8/2024,Loratadine 10mg,Stella Pharma,Để xa tầm tay trẻ em,24,32,0,1
1/8/2024,Omeprazole 20mg,Mekophar,Để xa tầm tay trẻ em,51,32,0,1
1/9/2024,Paracetamol 500mg,DHG Pharmacy,Giữ trong tủ lạnh (2-8°C),114,33,0,0
1/9/2024,Amoxicillin 250mg,OPC Pharma,Giữ trong tủ lạnh (2-8°C),110,28,0,1
1/9/2024,Vitamin C 1000mg,OPC Pharma,Giữ trong tủ lạnh (2-8°C),42,29,0,0
1/9/2024,Ibuprofen 400mg,Stella Pharma,Bảo quản ở nhiệt độ phòng,14,25,0,1
1/9/2024,Aspirin 81mg,Boston Pharma,Tránh ánh nắng trực tiếp,76,35,0,0
1/9/2024,Cefixime 200mg,Imexpharm,Để xa tầm tay trẻ em,32,34,0,0
1/9/2024,Loratadine 10mg,Mekophar,"Bảo quản nơi khô ráo, thoáng mát",101,21,0,0
1/9/2024,Omeprazole 20mg,OPC Pharma,Để xa tầm tay trẻ em,119,25,0,0
1/10/2024,Paracetamol 500mg,OPC Pharma,Giữ trong tủ lạnh (2-8°C),27,33,0,0
1/10/2024,Amoxicillin 250mg,Mekophar,Giữ trong tủ lạnh (2-8°C),28,28,0,0
1/10/2024,Vitamin C 1000mg,Stella Pharma,"Bảo quản nơi khô ráo, thoáng mát",71,32,0,0
1/10/2024,Ibuprofen 400mg,Mekophar,"Bảo quản nơi khô ráo, thoáng mát",44,27,0,1
1/10/2024,Aspirin 81mg,OPC Pharma,Bảo quản ở nhiệt độ phòng,12,34,0,1
1/10/2024,Cefixime 200mg,DHG Pharmacy,"Bảo quản nơi khô ráo, thoáng mát",111,31,0,0
1/10/2024,Loratadine 10mg,DHG Pharmacy,Tránh ánh nắng trực tiếp,27,28,0,0
1/10/2024,Omeprazole 20mg,Mekophar,Giữ trong tủ lạnh (2-8°C),37,27,0,1
1/11/2024,Paracetamol 500mg,Mekophar,"Bảo quản nơi khô ráo, thoáng mát",107,27,0,0
1/11/2024,Amoxicillin 250mg,Traphaco,Để xa tầm tay trẻ em,50,25,0,0
1/11/2024,Vitamin C 1000mg,Imexpharm,"Bảo quản nơi khô ráo, thoáng mát",38,32,0,1
1/11/2024,Ibuprofen 400mg,Traphaco,Tránh ánh nắng trực tiếp,94,35,0,1
1/11/2024,Aspirin 81mg,Traphaco,Để xa tầm tay trẻ em,10,26,0,0
1/11/2024,Cefixime 200mg,Imexpharm,Bảo quản ở nhiệt độ phòng,120,21,0,1
1/11/2024,Loratadine 10mg,Boston Pharma,Bảo quản ở nhiệt độ phòng,117,23,0,0
1/11/2024,Omeprazole 20mg,Mekophar,"Bảo quản nơi khô ráo, thoáng mát",19,33,0,1
1/12/2024,Paracetamol 500mg,OPC Pharma,Bảo quản ở nhiệt độ phòng,62,23,0,1
1/12/2024,Amoxicillin 250mg,Traphaco,"Bảo quản nơi khô ráo, thoáng mát",111,27,0,1
1/12/2024,Vitamin C 1000mg,OPC Pharma,Giữ trong tủ lạnh (2-8°C),75,26,0,1
1/12/2024,Ibuprofen 400mg,OPC Pharma,Để xa tầm tay trẻ em,55,34,0,1
1/12/2024,Aspirin 81mg,Mekophar,Giữ trong tủ lạnh (2-8°C),98,30,0,0
1/12/2024,Cefixime 200mg,Imexpharm,Giữ trong tủ lạnh (2-8°C),107,32,0,0
1/12/2024,Loratadine 10mg,Imexpharm,Bảo quản ở nhiệt độ phòng,22,34,0,1
1/12/2024,Omeprazole 20mg,Mekophar,Giữ trong tủ lạnh (2-8°C),31,29,0,0
1/13/2024,Paracetamol 500mg,Stella Pharma,Giữ trong tủ lạnh (2-8°C),103,33,0,1
1/13/2024,Amoxicillin 250mg,Traphaco,Giữ trong tủ lạnh (2-8°C),22,27,0,0
1/13/2024,Vitamin C 1000mg,Traphaco,Để xa tầm tay trẻ em,89,33,0,0
1/13/2024,Ibuprofen 400mg,OPC Pharma,Để xa tầm tay trẻ em,73,35,0,1
1/13/2024,Aspirin 81mg,Mekophar,Giữ trong tủ lạnh (2-8°C),106,27,0,1
1/13/2024,Cefixime 200mg,Boston Pharma,"Bảo quản nơi khô ráo, thoáng mát",76,21,0,0
1/13/2024,Loratadine 10mg,Stella Pharma,Bảo quản ở nhiệt độ phòng,80,35,0,1
1/13/2024,Omeprazole 20mg,Boston Pharma,Giữ trong tủ lạnh (2-8°C),115,20,0,0
1/14/2024,Paracetamol 500mg,Boston Pharma,Bảo quản ở nhiệt độ phòng,29,31,0,1
1/14/2024,Amoxicillin 250mg,Mekophar,Bảo quản ở nhiệt độ phòng,56,29,0,1
1/14/2024,Vitamin C 1000mg,Boston Pharma,"Bảo quản nơi khô ráo, thoáng mát",90,35,0,0
1/14/2024,Ibuprofen 400mg,Stella Pharma,Tránh ánh nắng trực tiếp,120,27,0,0
1/14/2024,Aspirin 81mg,Imexpharm,Giữ trong tủ lạnh (2-8°C),99,23,0,0
1/14/2024,Cefixime 200mg,Mekophar,Bảo quản ở nhiệt độ phòng,57,35,0,0
1/14/2024,Loratadine 10mg,Boston Pharma,Tránh ánh nắng trực tiếp,94,25,0,0
1/14/2024,Omeprazole 20mg,Mekophar,Bảo quản ở nhiệt độ phòng,29,25,0,0
1/15/2024,Paracetamol 500mg,DHG Pharmacy,"Bảo quản nơi khô ráo, thoáng mát",67,27,0,1
1/15/2024,Amoxicillin 250mg,DHG Pharmacy,Để xa tầm tay trẻ em,105,20,0,1
1/15/2024,Vitamin C 1000mg,DHG Pharmacy,Giữ trong tủ lạnh (2-8°C),77,33,0,1
1/15/2024,Ibuprofen 400mg,Imexpharm,Để xa tầm tay trẻ em,15,26,0,0
1/15/2024,Aspirin 81mg,OPC Pharma,Giữ trong tủ lạnh (2-8°C),70,21,0,0
1/15/2024,Cefixime 200mg,OPC Pharma,Giữ trong tủ lạnh (2-8°C),102,30,0,0
1/15/2024,Loratadine 10mg,DHG Pharmacy,Giữ trong tủ lạnh (2-8°C),20,34,0,0
1/15/2024,Omeprazole 20mg,Mekophar,Giữ trong tủ lạnh (2-8°C),38,33,0,0
1/16/2024,Paracetamol 500mg,OPC Pharma,"Bảo quản nơi khô ráo, thoáng mát",90,27,0,0
1/16/2024,Amoxicillin 250mg,Traphaco,Để xa tầm tay trẻ em,103,33,0,0
1/16/2024,Vitamin C 1000mg,DHG Pharmacy,"Bảo quản nơi khô ráo, thoáng mát",96,32,0,0
1/16/2024,Ibuprofen 400mg,Mekophar,Tránh ánh nắng trực tiếp,41,26,0,1
1/16/2024,Aspirin 81mg,Mekophar,Để xa tầm tay trẻ em,99,21,0,1
1/16/2024,Cefixime 200mg,Stella Pharma,Tránh ánh nắng trực tiếp,120,21,0,1
1/16/2024,Loratadine 10mg,Traphaco,Giữ trong tủ lạnh (2-8°C),81,23,0,0
1/16/2024,Omeprazole 20mg,Mekophar,Bảo quản ở nhiệt độ phòng,83,31,0,1
1/17/2024,Paracetamol 500mg,Boston Pharma,Bảo quản ở nhiệt độ phòng,79,34,0,0
1/17/2024,Amoxicillin 250mg,Boston Pharma,Giữ trong tủ lạnh (2-8°C),20,33,0,0
1/17/2024,Vitamin C 1000mg,Boston Pharma,Giữ trong tủ lạnh (2-8°C),69,34,0,0
1/17/2024,Ibuprofen 400mg,DHG Pharmacy,Bảo quản ở nhiệt độ phòng,71,35,0,1
1/17/2024,Aspirin 81mg,OPC Pharma,Để xa tầm tay trẻ em,88,24,0,1
1/17/2024,Cefixime 200mg,Imexpharm,Giữ trong tủ lạnh (2-8°C),102,28,0,0
1/17/2024,Loratadine 10mg,Boston Pharma,"Bảo quản nơi khô ráo, thoáng mát",89,21,0,0
1/17/2024,Omeprazole 20mg,Mekophar,Tránh ánh nắng trực tiếp,109,35,0,1
1/18/2024,Paracetamol 500mg,DHG Pharmacy,Bảo quản ở nhiệt độ phòng,71,33,0,1
1/18/2024,Amoxicillin 250mg,Traphaco,Giữ trong tủ lạnh (2-8°C),60,33,0,0
1/18/2024,Vitamin C 1000mg,OPC Pharma,Bảo quản ở nhiệt độ phòng,12,21,0,0
1/18/2024,Ibuprofen 400mg,Mekophar,Bảo quản ở nhiệt độ phòng,24,21,0,0
1/18/2024,Aspirin 81mg,Stella Pharma,Bảo quản ở nhiệt độ phòng,58,29,0,1
1/18/2024,Cefixime 200mg,Boston Pharma,Bảo quản ở nhiệt độ phòng,101,29,0,1
1/18/2024,Loratadine 10mg,Imexpharm,Để xa tầm tay trẻ em,82,24,0,1
1/18/2024,Omeprazole 20mg,DHG Pharmacy,"Bảo quản nơi khô ráo, thoáng mát",45,35,0,1
1/19/2024,Paracetamol 500mg,OPC Pharma,Bảo quản ở nhiệt độ phòng,104,20,0,0
1/19/2024,Amoxicillin 250mg,Imexpharm,Để xa tầm tay trẻ em,20,30,0,1
1/19/2024,Vitamin C 1000mg,Traphaco,Giữ trong tủ lạnh (2-8°C),85,29,0,1
1/19/2024,Ibuprofen 400mg,Stella Pharma,Để xa tầm tay trẻ em,20,25,0,0
1/19/2024,Aspirin 81mg,Stella Pharma,Để xa tầm tay trẻ em,51,27,0,1
1/19/2024,Cefixime 200mg,Traphaco,Để xa tầm tay trẻ em,91,33,0,1
1/19/2024,Loratadine 10mg,Traphaco,Tránh ánh nắng trực tiếp,27,29,0,1
1/19/2024,Omeprazole 20mg,Boston Pharma,"Bảo quản nơi khô ráo, thoáng mát",112,25,0,0
1/20/2024,Paracetamol 500mg,DHG Pharmacy,Bảo quản ở nhiệt độ phòng,85,29,0,0
1/20/2024,Amoxicillin 250mg,Imexpharm,Giữ trong tủ lạnh (2-8°C),35,34,0,1
1/20/2024,Vitamin C 1000mg,Mekophar,Để xa tầm tay trẻ em,120,27,0,1
1/20/2024,Ibuprofen 400mg,OPC Pharma,Để xa tầm tay trẻ em,12,32,0,1
1/20/2024,Aspirin 81mg,OPC Pharma,Giữ trong tủ lạnh (2-8°C),16,26,0,1
1/20/2024,Cefixime 200mg,OPC Pharma,Bảo quản ở nhiệt độ phòng,97,29,0,0
1/20/2024,Loratadine 10mg,Traphaco,"Bảo quản nơi khô ráo, thoáng mát",100,32,0,0
1/20/2024,Omeprazole 20mg,OPC Pharma,Tránh ánh nắng trực tiếp,74,30,0,1
1/21/2024,Paracetamol 500mg,DHG Pharmacy,Giữ trong tủ lạnh (2-8°C),19,34,0,1
1/21/2024,Amoxicillin 250mg,Mekophar,Để xa tầm tay trẻ em,104,27,0,0
1/21/2024,Vitamin C 1000mg,Stella Pharma,Bảo quản ở nhiệt độ phòng,65,29,0,1
1/21/2024,Ibuprofen 400mg,Imexpharm,Tránh ánh nắng trực tiếp,10,23,0,0
1/21/2024,Aspirin 81mg,Traphaco,Tránh ánh nắng trực tiếp,19,33,0,0
1/21/2024,Cefixime 200mg,Boston Pharma,Giữ trong tủ lạnh (2-8°C),21,25,0,0
1/21/2024,Loratadine 10mg,Boston Pharma,Để xa tầm tay trẻ em,90,27,0,1
1/21/2024,Omeprazole 20mg,Traphaco,Bảo quản ở nhiệt độ phòng,94,32,0,1
1/22/2024,Paracetamol 500mg,Imexpharm,Bảo quản ở nhiệt độ phòng,48,33,0,1
1/22/2024,Amoxicillin 250mg,DHG Pharmacy,Để xa tầm tay trẻ em,21,23,0,1
1/22/2024,Vitamin C 1000mg,Boston Pharma,"Bảo quản nơi khô ráo, thoáng mát",108,22,0,1
1/22/2024,Ibuprofen 400mg,Traphaco,Để xa tầm tay trẻ em,23,34,0,0
1/22/2024,Aspirin 81mg,Mekophar,Bảo quản ở nhiệt độ phòng,37,28,0,0
1/22/2024,Cefixime 200mg,Imexpharm,Tránh ánh nắng trực tiếp,87,27,0,1
1/22/2024,Loratadine 10mg,Stella Pharma,Để xa tầm tay trẻ em,17,33,0,0
1/22/2024,Omeprazole 20mg,Imexpharm,Để xa tầm tay trẻ em,117,27,0,1
1/23/2024,Paracetamol 500mg,Mekophar,Tránh ánh nắng trực tiếp,51,32,0,0
1/23/2024,Amoxicillin 250mg,OPC Pharma,"Bảo quản nơi khô ráo, thoáng mát",118,22,0,1
1/23/2024,Vitamin C 1000mg,Traphaco,Giữ trong tủ lạnh (2-8°C),60,25,0,0
1/23/2024,Ibuprofen 400mg,Imexpharm,"Bảo quản nơi khô ráo, thoáng mát",85,33,0,0
1/23/2024,Aspirin 81mg,DHG Pharmacy,Bảo quản ở nhiệt độ phòng,56,29,0,0
1/23/2024,Cefixime 200mg,Imexpharm,"Bảo quản nơi khô ráo, thoáng mát",120,35,0,1
1/23/2024,Loratadine 10mg,Imexpharm,Bảo quản ở nhiệt độ phòng,94,22,0,1
1/23/2024,Omeprazole 20mg,Mekophar,"Bảo quản nơi khô ráo, thoáng mát",85,28,0,0
1/24/2024,Paracetamol 500mg,OPC Pharma,Tránh ánh nắng trực tiếp,74,27,0,0
1/24/2024,Amoxicillin 250mg,OPC Pharma,"Bảo quản nơi khô ráo, thoáng mát",12,28,0,0
1/24/2024,Vitamin C 1000mg,Mekophar,Tránh ánh nắng trực tiếp,42,23,0,1
1/24/2024,Ibuprofen 400mg,Stella Pharma,Bảo quản ở nhiệt độ phòng,82,21,0,1
1/24/2024,Aspirin 81mg,OPC Pharma,Để xa tầm tay trẻ em,87,27,0,1
1/24/2024,Cefixime 200mg,Imexpharm,Giữ trong tủ lạnh (2-8°C),77,26,0,0
1/24/2024,Loratadine 10mg,Traphaco,"Bảo quản nơi khô ráo, thoáng mát",56,21,0,0
1/24/2024,Omeprazole 20mg,Traphaco,Tránh ánh nắng trực tiếp,120,26,0,1
1/25/2024,Paracetamol 500mg,Boston Pharma,"Bảo quản nơi khô ráo, thoáng mát",96,25,0,1
1/25/2024,Amoxicillin 250mg,DHG Pharmacy,Để xa tầm tay trẻ em,79,33,0,0
1/25/2024,Vitamin C 1000mg,Imexpharm,Để xa tầm tay trẻ em,113,26,0,0
1/25/2024,Ibuprofen 400mg,OPC Pharma,Để xa tầm tay trẻ em,98,35,0,0
1/25/2024,Aspirin 81mg,Imexpharm,Giữ trong tủ lạnh (2-8°C),114,30,0,0
1/25/2024,Cefixime 200mg,Imexpharm,Bảo quản ở nhiệt độ phòng,31,20,0,1
1/25/2024,Loratadine 10mg,Stella Pharma,"Bảo quản nơi khô ráo, thoáng mát",60,29,0,0
1/25/2024,Omeprazole 20mg,Stella Pharma,Bảo quản ở nhiệt độ phòng,10,30,0,0
1/26/2024,Paracetamol 500mg,Mekophar,"Bảo quản nơi khô ráo, thoáng mát",20,26,0,1
1/26/2024,Amoxicillin 250mg,Mekophar,Bảo quản ở nhiệt độ phòng,114,35,0,1
1/26/2024,Vitamin C 1000mg,Mekophar,Để xa tầm tay trẻ em,39,30,0,0
1/26/2024,Ibuprofen 400mg,Traphaco,Giữ trong tủ lạnh (2-8°C),88,24,0,1
1/26/2024,Aspirin 81mg,OPC Pharma,"Bảo quản nơi khô ráo, thoáng mát",26,20,0,1
1/26/2024,Cefixime 200mg,Imexpharm,Tránh ánh nắng trực tiếp,103,24,0,1
1/26/2024,Loratadine 10mg,Mekophar,Bảo quản ở nhiệt độ phòng,88,27,0,1
1/26/2024,Omeprazole 20mg,Traphaco,Để xa tầm tay trẻ em,87,29,0,1
1/27/2024,Paracetamol 500mg,Imexpharm,"Bảo quản nơi khô ráo, thoáng mát",92,29,0,1
1/27/2024,Amoxicillin 250mg,OPC Pharma,Để xa tầm tay trẻ em,58,27,0,0
1/27/2024,Vitamin C 1000mg,DHG Pharmacy,Giữ trong tủ lạnh (2-8°C),63,25,0,1
1/27/2024,Ibuprofen 400mg,DHG Pharmacy,Bảo quản ở nhiệt độ phòng,115,20,0,1
1/27/2024,Aspirin 81mg,Boston Pharma,Bảo quản ở nhiệt độ phòng,26,24,0,1
1/27/2024,Cefixime 200mg,Mekophar,Để xa tầm tay trẻ em,13,28,0,1
1/27/2024,Loratadine 10mg,OPC Pharma,Bảo quản ở nhiệt độ phòng,24,31,0,0
1/27/2024,Omeprazole 20mg,Traphaco,"Bảo quản nơi khô ráo, thoáng mát",101,34,0,1
1/28/2024,Paracetamol 500mg,DHG Pharmacy,Tránh ánh nắng trực tiếp,110,34,0,0
1/28/2024,Amoxicillin 250mg,Mekophar,"Bảo quản nơi khô ráo, thoáng mát",41,35,0,1
1/28/2024,Vitamin C 1000mg,OPC Pharma,Giữ trong tủ lạnh (2-8°C),106,34,0,1
1/28/2024,Ibuprofen 400mg,Traphaco,Tránh ánh nắng trực tiếp,45,31,0,0
1/28/2024,Aspirin 81mg,Imexpharm,Giữ trong tủ lạnh (2-8°C),119,20,0,1
1/28/2024,Cefixime 200mg,Traphaco,Giữ trong tủ lạnh (2-8°C),44,27,0,1
1/28/2024,Loratadine 10mg,Mekophar,Tránh ánh nắng trực tiếp,87,26,0,1
1/28/2024,Omeprazole 20mg,Mekophar,Để xa tầm tay trẻ em,73,27,0,0
1/29/2024,Paracetamol 500mg,Boston Pharma,Để xa tầm tay trẻ em,100,30,0,0
1/29/2024,Amoxicillin 250mg,Mekophar,Bảo quản ở nhiệt độ phòng,108,26,0,1
1/29/2024,Vitamin C 1000mg,OPC Pharma,Để xa tầm tay trẻ em,119,35,0,1
1/29/2024,Ibuprofen 400mg,Boston Pharma,Tránh ánh nắng trực tiếp,100,34,0,0
1/29/2024,Aspirin 81mg,Stella Pharma,Bảo quản ở nhiệt độ phòng,88,27,0,0
1/29/2024,Cefixime 200mg,OPC Pharma,Tránh ánh nắng trực tiếp,45,23,0,0
1/29/2024,Loratadine 10mg,OPC Pharma,Tránh ánh nắng trực tiếp,63,34,0,1
1/29/2024,Omeprazole 20mg,DHG Pharmacy,"Bảo quản nơi khô ráo, thoáng mát",111,23,0,0
1/30/2024,Paracetamol 500mg,Mekophar,Giữ trong tủ lạnh (2-8°C),101,26,0,1
1/30/2024,Amoxicillin 250mg,OPC Pharma,Giữ trong tủ lạnh (2-8°C),73,32,0,1
1/30/2024,Vitamin C 1000mg,DHG Pharmacy,Tránh ánh nắng trực tiếp,74,25,0,1
1/30/2024,Ibuprofen 400mg,Imexpharm,"Bảo quản nơi khô ráo, thoáng mát",55,24,0,1
1/30/2024,Aspirin 81mg,OPC Pharma,Để xa tầm tay trẻ em,18,27,0,1
1/30/2024,Cefixime 200mg,Stella Pharma,Tránh ánh nắng trực tiếp,68,26,0,1
1/30/2024,Loratadine 10mg,OPC Pharma,Tránh ánh nắng trực tiếp,87,25,0,1
1/30/2024,Omeprazole 20mg,OPC Pharma,"Bảo quản nơi khô ráo, thoáng mát",60,33,0,0
1/31/2024,Paracetamol 500mg,Boston Pharma,"Bảo quản nơi khô ráo, thoáng mát",38,23,0,1
1/31/2024,Amoxicillin 250mg,Imexpharm,Để xa tầm tay trẻ em,90,35,0,0
1/31/2024,Vitamin C 1000mg,OPC Pharma,Để xa tầm tay trẻ em,45,30,0,1
1/31/2024,Ibuprofen 400mg,OPC Pharma,"Bảo quản nơi khô ráo, thoáng mát",118,23,0,1
1/31/2024,Aspirin 81mg,Boston Pharma,Để xa tầm tay trẻ em,21,24,0,1
1/31/2024,Cefixime 200mg,Imexpharm,Để xa tầm tay trẻ em,36,23,0,0
1/31/2024,Loratadine 10mg,DHG Pharmacy,Tránh ánh nắng trực tiếp,103,23,0,0
1/31/2024,Omeprazole 20mg,OPC Pharma,Tránh ánh nắng trực tiếp,32,31,0,0
2/1/2024,Paracetamol 500mg,Stella Pharma,Giữ trong tủ lạnh (2-8°C),54,20,0,1
2/1/2024,Amoxicillin 250mg,Boston Pharma,"Bảo quản nơi khô ráo, thoáng mát",34,30,0,0
2/1/2024,Vitamin C 1000mg,Traphaco,Tránh ánh nắng trực tiếp,32,23,0,1
2/1/2024,Ibuprofen 400mg,Stella Pharma,"Bảo quản nơi khô ráo, thoáng mát",11,23,0,1
2/1/2024,Aspirin 81mg,DHG Pharmacy,Bảo quản ở nhiệt độ phòng,30,31,0,0
2/1/2024,Cefixime 200mg,Boston Pharma,Giữ trong tủ lạnh (2-8°C),19,21,0,1
2/1/2024,Loratadine 10mg,Imexpharm,Tránh ánh nắng trực tiếp,80,20,0,0
2/1/2024,Omeprazole 20mg,Mekophar,Giữ trong tủ lạnh (2-8°C),87,30,0,0
2/2/2024,Paracetamol 500mg,Boston Pharma,Giữ trong tủ lạnh (2-8°C),97,20,0,1
2/2/2024,Amoxicillin 250mg,DHG Pharmacy,Tránh ánh nắng trực tiếp,50,25,0,0
2/2/2024,Vitamin C 1000mg,DHG Pharmacy,Giữ trong tủ lạnh (2-8°C),88,34,0,0
2/2/2024,Ibuprofen 400mg,Imexpharm,Tránh ánh nắng trực tiếp,90,22,0,0
2/2/2024,Aspirin 81mg,Imexpharm,"Bảo quản nơi khô ráo, thoáng mát",21,35,0,0
2/2/2024,Cefixime 200mg,OPC Pharma,Để xa tầm tay trẻ em,117,32,0,1
2/2/2024,Loratadine 10mg,Traphaco,Bảo quản ở nhiệt độ phòng,51,31,0,0
2/2/2024,Omeprazole 20mg,Imexpharm,Giữ trong tủ lạnh (2-8°C),21,31,0,1
2/3/2024,Paracetamol 500mg,OPC Pharma,Tránh ánh nắng trực tiếp,92,22,0,0
2/3/2024,Amoxicillin 250mg,Stella Pharma,Bảo quản ở nhiệt độ phòng,29,30,0,1
2/3/2024,Vitamin C 1000mg,Stella Pharma,"Bảo quản nơi khô ráo, thoáng mát",99,33,0,1
2/3/2024,Ibuprofen 400mg,Mekophar,Để xa tầm tay trẻ em,79,24,0,0
2/3/2024,Aspirin 81mg,OPC Pharma,Để xa tầm tay trẻ em,49,28,0,0
2/3/2024,Cefixime 200mg,Traphaco,Để xa tầm tay trẻ em,88,33,0,0
2/3/2024,Loratadine 10mg,DHG Pharmacy,Giữ trong tủ lạnh (2-8°C),28,27,0,1
2/3/2024,Omeprazole 20mg,OPC Pharma,Để xa tầm tay trẻ em,17,23,0,0
2/4/2024,Paracetamol 500mg,DHG Pharmacy,Để xa tầm tay trẻ em,45,34,0,0
2/4/2024,Amoxicillin 250mg,Boston Pharma,Bảo quản ở nhiệt độ phòng,71,32,0,0
2/4/2024,Vitamin C 1000mg,Imexpharm,Bảo quản ở nhiệt độ phòng,29,29,0,0
2/4/2024,Ibuprofen 400mg,Traphaco,Giữ trong tủ lạnh (2-8°C),33,25,0,0
2/4/2024,Aspirin 81mg,Boston Pharma,Giữ trong tủ lạnh (2-8°C),41,35,0,1
2/4/2024,Cefixime 200mg,OPC Pharma,Bảo quản ở nhiệt độ phòng,41,27,0,0
2/4/2024,Loratadine 10mg,Mekophar,Để xa tầm tay trẻ em,61,20,0,1
2/4/2024,Omeprazole 20mg,Imexpharm,Bảo quản ở nhiệt độ phòng,100,21,0,1
2/5/2024,Paracetamol 500mg,Stella Pharma,Để xa tầm tay trẻ em,46,34,0,1
2/5/2024,Amoxicillin 250mg,Stella Pharma,Để xa tầm tay trẻ em,30,21,0,1
2/5/2024,Vitamin C 1000mg,OPC Pharma,Bảo quản ở nhiệt độ phòng,97,25,0,0
2/5/2024,Ibuprofen 400mg,OPC Pharma,"Bảo quản nơi khô ráo, thoáng mát",72,27,0,0
2/5/2024,Aspirin 81mg,Boston Pharma,Bảo quản ở nhiệt độ phòng,79,28,0,0
2/5/2024,Cefixime 200mg,Stella Pharma,Bảo quản ở nhiệt độ phòng,38,21,0,1
2/5/2024,Loratadine 10mg,OPC Pharma,Để xa tầm tay trẻ em,76,24,0,0
2/5/2024,Omeprazole 20mg,DHG Pharmacy,Giữ trong tủ lạnh (2-8°C),46,24,0,0
2/6/2024,Paracetamol 500mg,DHG Pharmacy,"Bảo quản nơi khô ráo, thoáng mát",50,25,0,1
2/6/2024,Amoxicillin 250mg,Traphaco,Bảo quản ở nhiệt độ phòng,108,33,0,1
2/6/2024,Vitamin C 1000mg,Boston Pharma,"Bảo quản nơi khô ráo, thoáng mát",21,31,0,0
2/6/2024,Ibuprofen 400mg,Traphaco,"Bảo quản nơi khô ráo, thoáng mát",63,26,0,1
2/6/2024,Aspirin 81mg,OPC Pharma,Để xa tầm tay trẻ em,117,28,0,1
2/6/2024,Cefixime 200mg,DHG Pharmacy,"Bảo quản nơi khô ráo, thoáng mát",118,21,0,0
2/6/2024,Loratadine 10mg,Mekophar,Bảo quản ở nhiệt độ phòng,65,25,0,1
2/6/2024,Omeprazole 20mg,Stella Pharma,"Bảo quản nơi khô ráo, thoáng mát",50,32,0,0
2/7/2024,Paracetamol 500mg,Imexpharm,Giữ trong tủ lạnh (2-8°C),83,30,0,0
2/7/2024,Amoxicillin 250mg,Imexpharm,Tránh ánh nắng trực tiếp,22,32,0,1
2/7/2024,Vitamin C 1000mg,Traphaco,Bảo quản ở nhiệt độ phòng,52,27,0,1
2/7/2024,Ibuprofen 400mg,DHG Pharmacy,Để xa tầm tay trẻ em,15,35,0,1
2/7/2024,Aspirin 81mg,Traphaco,Giữ trong tủ lạnh (2-8°C),91,24,0,1
2/7/2024,Cefixime 200mg,Mekophar,Tránh ánh nắng trực tiếp,66,23,0,1
2/7/2024,Loratadine 10mg,Boston Pharma,Tránh ánh nắng trực tiếp,42,34,0,1
2/7/2024,Omeprazole 20mg,Imexpharm,Tránh ánh nắng trực tiếp,55,25,0,1
2/8/2024,Paracetamol 500mg,DHG Pharmacy,Tránh ánh nắng trực tiếp,52,33,0,0
2/8/2024,Amoxicillin 250mg,Imexpharm,Giữ trong tủ lạnh (2-8°C),108,31,0,0
2/8/2024,Vitamin C 1000mg,Imexpharm,Giữ trong tủ lạnh (2-8°C),48,28,0,1
2/8/2024,Ibuprofen 400mg,Traphaco,Giữ trong tủ lạnh (2-8°C),20,33,0,0
2/8/2024,Aspirin 81mg,Mekophar,Để xa tầm tay trẻ em,31,25,0,1
2/8/2024,Cefixime 200mg,Stella Pharma,"Bảo quản nơi khô ráo, thoáng mát",21,24,0,1
2/8/2024,Loratadine 10mg,Boston Pharma,Bảo quản ở nhiệt độ phòng,86,25,0,0
2/8/2024,Omeprazole 20mg,Boston Pharma,Để xa tầm tay trẻ em,88,32,0,1
2/9/2024,Paracetamol 500mg,Stella Pharma,Để xa tầm tay trẻ em,53,34,0,0
2/9/2024,Amoxicillin 250mg,OPC Pharma,Bảo quản ở nhiệt độ phòng,115,20,0,0
2/9/2024,Vitamin C 1000mg,Mekophar,Tránh ánh nắng trực tiếp,64,22,0,1
2/9/2024,Ibuprofen 400mg,Mekophar,Giữ trong tủ lạnh (2-8°C),60,22,0,0
2/9/2024,Aspirin 81mg,OPC Pharma,"Bảo quản nơi khô ráo, thoáng mát",83,26,0,0
2/9/2024,Cefixime 200mg,DHG Pharmacy,Giữ trong tủ lạnh (2-8°C),81,34,0,1
2/9/2024,Loratadine 10mg,OPC Pharma,Bảo quản ở nhiệt độ phòng,12,27,0,1
2/9/2024,Omeprazole 20mg,Stella Pharma,Tránh ánh nắng trực tiếp,60,28,0,1
2/10/2024,Paracetamol 500mg,Traphaco,Tránh ánh nắng trực tiếp,17,26,0,1
2/10/2024,Amoxicillin 250mg,DHG Pharmacy,Giữ trong tủ lạnh (2-8°C),115,22,0,0
2/10/2024,Vitamin C 1000mg,Stella Pharma,Bảo quản ở nhiệt độ phòng,13,28,0,0
2/10/2024,Ibuprofen 400mg,Traphaco,"Bảo quản nơi khô ráo, thoáng mát",26,26,0,0
2/10/2024,Aspirin 81mg,Stella Pharma,Tránh ánh nắng trực tiếp,17,35,0,0
2/10/2024,Cefixime 200mg,Boston Pharma,"Bảo quản nơi khô ráo, thoáng mát",41,34,0,0
2/10/2024,Loratadine 10mg,OPC Pharma,Giữ trong tủ lạnh (2-8°C),61,23,0,0
2/10/2024,Omeprazole 20mg,Imexpharm,"Bảo quản nơi khô ráo, thoáng mát",97,32,0,0
2/11/2024,Paracetamol 500mg,Traphaco,"Bảo quản nơi khô ráo, thoáng mát",57,22,0,0
2/11/2024,Amoxicillin 250mg,Mekophar,Giữ trong tủ lạnh (2-8°C),28,22,0,0
2/11/2024,Vitamin C 1000mg,Stella Pharma,Tránh ánh nắng trực tiếp,16,29,0,0
2/11/2024,Ibuprofen 400mg,OPC Pharma,Bảo quản ở nhiệt độ phòng,59,32,0,1
2/11/2024,Aspirin 81mg,Stella Pharma,Để xa tầm tay trẻ em,43,31,0,1
2/11/2024,Cefixime 200mg,OPC Pharma,Bảo quản ở nhiệt độ phòng,98,35,0,0
2/11/2024,Loratadine 10mg,Stella Pharma,Bảo quản ở nhiệt độ phòng,38,30,0,0
2/11/2024,Omeprazole 20mg,Imexpharm,"Bảo quản nơi khô ráo, thoáng mát",83,34,0,0
2/12/2024,Paracetamol 500mg,Traphaco,"Bảo quản nơi khô ráo, thoáng mát",34,32,0,1
2/12/2024,Amoxicillin 250mg,Stella Pharma,Bảo quản ở nhiệt độ phòng,35,25,0,0
2/12/2024,Vitamin C 1000mg,Traphaco,Tránh ánh nắng trực tiếp,67,22,0,0
2/12/2024,Ibuprofen 400mg,Mekophar,Tránh ánh nắng trực tiếp,68,32,0,0
2/12/2024,Aspirin 81mg,Stella Pharma,"Bảo quản nơi khô ráo, thoáng mát",80,21,0,1
2/12/2024,Cefixime 200mg,Imexpharm,"Bảo quản nơi khô ráo, thoáng mát",34,21,0,0
2/12/2024,Loratadine 10mg,Stella Pharma,Tránh ánh nắng trực tiếp,18,26,0,0
2/12/2024,Omeprazole 20mg,DHG Pharmacy,Bảo quản ở nhiệt độ phòng,98,31,0,1
2/13/2024,Paracetamol 500mg,Boston Pharma,Bảo quản ở nhiệt độ phòng,97,28,0,0
2/13/2024,Amoxicillin 250mg,OPC Pharma,"Bảo quản nơi khô ráo, thoáng mát",37,29,0,1
2/13/2024,Vitamin C 1000mg,OPC Pharma,Giữ trong tủ lạnh (2-8°C),108,33,0,1
2/13/2024,Ibuprofen 400mg,DHG Pharmacy,Bảo quản ở nhiệt độ phòng,94,23,0,0
2/13/2024,Aspirin 81mg,Stella Pharma,Giữ trong tủ lạnh (2-8°C),65,21,0,0
2/13/2024,Cefixime 200mg,Mekophar,Giữ trong tủ lạnh (2-8°C),58,24,0,0
2/13/2024,Loratadine 10mg,Mekophar,Để xa tầm tay trẻ em,120,26,0,1
2/13/2024,Omeprazole 20mg,Mekophar,Để xa tầm tay trẻ em,118,27,0,0
2/14/2024,Paracetamol 500mg,Traphaco,"Bảo quản nơi khô ráo, thoáng mát",35,21,0,0
2/14/2024,Amoxicillin 250mg,DHG Pharmacy,"Bảo quản nơi khô ráo, thoáng mát",75,20,0,0
2/14/2024,Vitamin C 1000mg,OPC Pharma,"Bảo quản nơi khô ráo, thoáng mát",108,33,0,1
2/14/2024,Ibuprofen 400mg,DHG Pharmacy,"Bảo quản nơi khô ráo, thoáng mát",80,29,0,0
2/14/2024,Aspirin 81mg,OPC Pharma,Để xa tầm tay trẻ em,42,20,0,1
2/14/2024,Cefixime 200mg,Traphaco,"Bảo quản nơi khô ráo, thoáng mát",76,33,0,0
2/14/2024,Loratadine 10mg,Boston Pharma,Bảo quản ở nhiệt độ phòng,84,25,0,0
2/14/2024,Omeprazole 20mg,Imexpharm,"Bảo quản nơi khô ráo, thoáng mát",97,35,0,0
2/15/2024,Paracetamol 500mg,DHG Pharmacy,Bảo quản ở nhiệt độ phòng,76,22,0,0
2/15/2024,Amoxicillin 250mg,Imexpharm,"Bảo quản nơi khô ráo, thoáng mát",113,27,0,1
2/15/2024,Vitamin C 1000mg,Traphaco,Giữ trong tủ lạnh (2-8°C),76,23,0,1
2/15/2024,Ibuprofen 400mg,DHG Pharmacy,Để xa tầm tay trẻ em,32,29,0,0
2/15/2024,Aspirin 81mg,Mekophar,"Bảo quản nơi khô ráo, thoáng mát",111,26,0,0
2/15/2024,Cefixime 200mg,Boston Pharma,"Bảo quản nơi khô ráo, thoáng mát",24,22,0,1
2/15/2024,Loratadine 10mg,Mekophar,"Bảo quản nơi khô ráo, thoáng mát",91,29,0,0
2/15/2024,Omeprazole 20mg,Imexpharm,Bảo quản ở nhiệt độ phòng,56,30,0,0
2/16/2024,Paracetamol 500mg,Mekophar,Để xa tầm tay trẻ em,63,33,0,0
2/16/2024,Amoxicillin 250mg,Traphaco,Bảo quản ở nhiệt độ phòng,33,20,0,1
2/16/2024,Vitamin C 1000mg,OPC Pharma,Bảo quản ở nhiệt độ phòng,28,28,0,0
2/16/2024,Ibuprofen 400mg,Stella Pharma,Bảo quản ở nhiệt độ phòng,48,23,0,1
2/16/2024,Aspirin 81mg,DHG Pharmacy,Để xa tầm tay trẻ em,107,30,0,0
2/16/2024,Cefixime 200mg,Stella Pharma,Để xa tầm tay trẻ em,63,34,0,0
2/16/2024,Loratadine 10mg,Mekophar,Tránh ánh nắng trực tiếp,11,30,0,1
2/16/2024,Omeprazole 20mg,DHG Pharmacy,Tránh ánh nắng trực tiếp,96,23,0,0
2/17/2024,Paracetamol 500mg,Mekophar,Giữ trong tủ lạnh (2-8°C),56,34,0,0
2/17/2024,Amoxicillin 250mg,Stella Pharma,Bảo quản ở nhiệt độ phòng,100,27,0,0
2/17/2024,Vitamin C 1000mg,Imexpharm,Tránh ánh nắng trực tiếp,86,29,0,1
2/17/2024,Ibuprofen 400mg,Mekophar,Tránh ánh nắng trực tiếp,16,23,0,0
2/17/2024,Aspirin 81mg,Traphaco,Tránh ánh nắng trực tiếp,41,31,0,1
2/17/2024,Cefixime 200mg,DHG Pharmacy,Tránh ánh nắng trực tiếp,21,29,0,0
2/17/2024,Loratadine 10mg,Boston Pharma,Để xa tầm tay trẻ em,118,31,0,0
2/17/2024,Omeprazole 20mg,DHG Pharmacy,Bảo quản ở nhiệt độ phòng,29,29,0,0
2/18/2024,Paracetamol 500mg,Imexpharm,Để xa tầm tay trẻ em,82,20,0,1
2/18/2024,Amoxicillin 250mg,Imexpharm,Tránh ánh nắng trực tiếp,112,30,0,0
2/18/2024,Vitamin C 1000mg,DHG Pharmacy,"Bảo quản nơi khô ráo, thoáng mát",96,21,0,1
2/18/2024,Ibuprofen 400mg,Stella Pharma,Bảo quản ở nhiệt độ phòng,10,29,0,0
2/18/2024,Aspirin 81mg,Stella Pharma,"Bảo quản nơi khô ráo, thoáng mát",119,34,0,1
2/18/2024,Cefixime 200mg,Boston Pharma,Bảo quản ở nhiệt độ phòng,24,27,0,1
2/18/2024,Loratadine 10mg,Imexpharm,Giữ trong tủ lạnh (2-8°C),75,30,0,1
2/18/2024,Omeprazole 20mg,Boston Pharma,"Bảo quản nơi khô ráo, thoáng mát",78,24,0,1
2/19/2024,Paracetamol 500mg,OPC Pharma,Bảo quản ở nhiệt độ phòng,96,29,0,1
2/19/2024,Amoxicillin 250mg,Boston Pharma,Để xa tầm tay trẻ em,80,24,0,1
2/19/2024,Vitamin C 1000mg,Stella Pharma,Tránh ánh nắng trực tiếp,80,32,0,0
2/19/2024,Ibuprofen 400mg,DHG Pharmacy,Giữ trong tủ lạnh (2-8°C),59,33,0,1
2/19/2024,Aspirin 81mg,Boston Pharma,Giữ trong tủ lạnh (2-8°C),76,28,0,0
2/19/2024,Cefixime 200mg,OPC Pharma,"Bảo quản nơi khô ráo, thoáng mát",116,21,0,0
2/19/2024,Loratadine 10mg,Boston Pharma,Giữ trong tủ lạnh (2-8°C),116,20,0,1
2/19/2024,Omeprazole 20mg,Boston Pharma,Để xa tầm tay trẻ em,10,30,0,0
2/20/2024,Paracetamol 500mg,Stella Pharma,Giữ trong tủ lạnh (2-8°C),85,35,0,0
2/20/2024,Amoxicillin 250mg,Mekophar,Bảo quản ở nhiệt độ phòng,12,21,0,1
2/20/2024,Vitamin C 1000mg,Mekophar,Bảo quản ở nhiệt độ phòng,16,24,0,0
2/20/2024,Ibuprofen 400mg,Imexpharm,Giữ trong tủ lạnh (2-8°C),36,27,0,0
2/20/2024,Aspirin 81mg,Boston Pharma,"Bảo quản nơi khô ráo, thoáng mát",58,27,0,1
2/20/2024,Cefixime 200mg,Stella Pharma,Giữ trong tủ lạnh (2-8°C),26,20,0,0
2/20/2024,Loratadine 10mg,DHG Pharmacy,Để xa tầm tay trẻ em,59,34,0,0
2/20/2024,Omeprazole 20mg,Traphaco,Giữ trong tủ lạnh (2-8°C),98,27,0,0
2/21/2024,Paracetamol 500mg,OPC Pharma,Để xa tầm tay trẻ em,18,27,0,0
2/21/2024,Amoxicillin 250mg,Boston Pharma,Giữ trong tủ lạnh (2-8°C),111,23,0,0
2/21/2024,Vitamin C 1000mg,OPC Pharma,"Bảo quản nơi khô ráo, thoáng mát",57,31,0,0
2/21/2024,Ibuprofen 400mg,OPC Pharma,Tránh ánh nắng trực tiếp,10,27,0,1
2/21/2024,Aspirin 81mg,DHG Pharmacy,Tránh ánh nắng trực tiếp,14,35,0,1
2/21/2024,Cefixime 200mg,Mekophar,Để xa tầm tay trẻ em,49,33,0,1
2/21/2024,Loratadine 10mg,Imexpharm,Giữ trong tủ lạnh (2-8°C),89,30,0,0
2/21/2024,Omeprazole 20mg,Stella Pharma,Giữ trong tủ lạnh (2-8°C),59,33,0,1
2/22/2024,Paracetamol 500mg,Mekophar,"Bảo quản nơi khô ráo, thoáng mát",33,28,0,0
2/22/2024,Amoxicillin 250mg,DHG Pharmacy,Để xa tầm tay trẻ em,89,34,0,0
2/22/2024,Vitamin C 1000mg,Traphaco,Bảo quản ở nhiệt độ phòng,60,32,0,1
2/22/2024,Ibuprofen 400mg,Traphaco,"Bảo quản nơi khô ráo, thoáng mát",93,31,0,0
2/22/2024,Aspirin 81mg,Boston Pharma,Bảo quản ở nhiệt độ phòng,54,26,0,0
2/22/2024,Cefixime 200mg,DHG Pharmacy,Để xa tầm tay trẻ em,64,27,0,1
2/22/2024,Loratadine 10mg,Boston Pharma,"Bảo quản nơi khô ráo, thoáng mát",99,21,0,1
2/22/2024,Omeprazole 20mg,Traphaco,Tránh ánh nắng trực tiếp,23,22,0,0
2/23/2024,Paracetamol 500mg,Boston Pharma,Tránh ánh nắng trực tiếp,15,25,0,1
2/23/2024,Amoxicillin 250mg,Mekophar,Giữ trong tủ lạnh (2-8°C),59,30,0,1
2/23/2024,Vitamin C 1000mg,Mekophar,Để xa tầm tay trẻ em,32,34,0,1
2/23/2024,Ibuprofen 400mg,Traphaco,Bảo quản ở nhiệt độ phòng,54,30,0,1
2/23/2024,Aspirin 81mg,DHG Pharmacy,Tránh ánh nắng trực tiếp,85,26,0,1
2/23/2024,Cefixime 200mg,Traphaco,Bảo quản ở nhiệt độ phòng,50,27,0,0
2/23/2024,Loratadine 10mg,Traphaco,Tránh ánh nắng trực tiếp,84,29,0,0
2/23/2024,Omeprazole 20mg,Stella Pharma,Tránh ánh nắng trực tiếp,116,27,0,1
2/24/2024,Paracetamol 500mg,Boston Pharma,Giữ trong tủ lạnh (2-8°C),104,26,0,0
2/24/2024,Amoxicillin 250mg,Boston Pharma,"Bảo quản nơi khô ráo, thoáng mát",97,32,0,0
2/24/2024,Vitamin C 1000mg,Traphaco,Giữ trong tủ lạnh (2-8°C),86,29,0,0
2/24/2024,Ibuprofen 400mg,Stella Pharma,"Bảo quản nơi khô ráo, thoáng mát",48,20,0,0
2/24/2024,Aspirin 81mg,DHG Pharmacy,Giữ trong tủ lạnh (2-8°C),14,32,0,1
2/24/2024,Cefixime 200mg,Boston Pharma,"Bảo quản nơi khô ráo, thoáng mát",47,22,0,1
2/24/2024,Loratadine 10mg,OPC Pharma,"Bảo quản nơi khô ráo, thoáng mát",80,26,0,0
2/24/2024,Omeprazole 20mg,Traphaco,Giữ trong tủ lạnh (2-8°C),63,21,0,1
2/25/2024,Paracetamol 500mg,OPC Pharma,"Bảo quản nơi khô ráo, thoáng mát",73,30,0,1
2/25/2024,Amoxicillin 250mg,Imexpharm,Để xa tầm tay trẻ em,49,21,0,1
2/25/2024,Vitamin C 1000mg,DHG Pharmacy,Tránh ánh nắng trực tiếp,57,21,0,0
2/25/2024,Ibuprofen 400mg,Traphaco,"Bảo quản nơi khô ráo, thoáng mát",62,26,0,1
2/25/2024,Aspirin 81mg,OPC Pharma,Để xa tầm tay trẻ em,101,27,0,0
2/25/2024,Cefixime 200mg,Stella Pharma,Tránh ánh nắng trực tiếp,98,32,0,1
2/25/2024,Loratadine 10mg,Traphaco,Giữ trong tủ lạnh (2-8°C),62,29,0,0
2/25/2024,Omeprazole 20mg,Boston Pharma,"Bảo quản nơi khô ráo, thoáng mát",76,21,0,1
2/26/2024,Paracetamol 500mg,Imexpharm,"Bảo quản nơi khô ráo, thoáng mát",60,31,0,1
2/26/2024,Amoxicillin 250mg,OPC Pharma,"Bảo quản nơi khô ráo, thoáng mát",119,22,0,0
2/26/2024,Vitamin C 1000mg,Stella Pharma,Giữ trong tủ lạnh (2-8°C),97,23,0,0
2/26/2024,Ibuprofen 400mg,Boston Pharma,Để xa tầm tay trẻ em,43,30,0,0
2/26/2024,Aspirin 81mg,OPC Pharma,Giữ trong tủ lạnh (2-8°C),69,31,0,0
2/26/2024,Cefixime 200mg,Stella Pharma,Tránh ánh nắng trực tiếp,27,24,0,0
2/26/2024,Loratadine 10mg,Imexpharm,"Bảo quản nơi khô ráo, thoáng mát",69,25,0,1
2/26/2024,Omeprazole 20mg,Imexpharm,Bảo quản ở nhiệt độ phòng,118,28,0,1
2/27/2024,Paracetamol 500mg,DHG Pharmacy,Bảo quản ở nhiệt độ phòng,54,24,0,1
2/27/2024,Amoxicillin 250mg,OPC Pharma,Tránh ánh nắng trực tiếp,72,21,0,0
2/27/2024,Vitamin C 1000mg,Mekophar,"Bảo quản nơi khô ráo, thoáng mát",103,23,0,0
2/27/2024,Ibuprofen 400mg,Boston Pharma,Giữ trong tủ lạnh (2-8°C),74,22,0,1
2/27/2024,Aspirin 81mg,Stella Pharma,Bảo quản ở nhiệt độ phòng,72,27,0,1
2/27/2024,Cefixime 200mg,Traphaco,Giữ trong tủ lạnh (2-8°C),71,22,0,0
2/27/2024,Loratadine 10mg,Imexpharm,Để xa tầm tay trẻ em,118,21,0,0
2/27/2024,Omeprazole 20mg,Boston Pharma,Để xa tầm tay trẻ em,92,22,0,0
2/28/2024,Paracetamol 500mg,OPC Pharma,"Bảo quản nơi khô ráo, thoáng mát",84,32,0,1
2/28/2024,Amoxicillin 250mg,DHG Pharmacy,"Bảo quản nơi khô ráo, thoáng mát",58,25,0,0
2/28/2024,Vitamin C 1000mg,Imexpharm,Bảo quản ở nhiệt độ phòng,101,33,0,1
2/28/2024,Ibuprofen 400mg,DHG Pharmacy,Giữ trong tủ lạnh (2-8°C),68,25,0,0
2/28/2024,Aspirin 81mg,Imexpharm,Giữ trong tủ lạnh (2-8°C),20,33,0,0
2/28/2024,Cefixime 200mg,DHG Pharmacy,Tránh ánh nắng trực tiếp,102,26,0,1
2/28/2024,Loratadine 10mg,OPC Pharma,Bảo quản ở nhiệt độ phòng,57,32,0,1
2/28/2024,Omeprazole 20mg,Imexpharm,Để xa tầm tay trẻ em,25,23,0,0
2/29/2024,Paracetamol 500mg,Traphaco,"Bảo quản nơi khô ráo, thoáng mát",119,34,0,0
2/29/2024,Amoxicillin 250mg,Mekophar,Giữ trong tủ lạnh (2-8°C),25,33,0,1
2/29/2024,Vitamin C 1000mg,DHG Pharmacy,Bảo quản ở nhiệt độ phòng,112,20,0,1
2/29/2024,Ibuprofen 400mg,DHG Pharmacy,Bảo quản ở nhiệt độ phòng,44,32,0,1
2/29/2024,Aspirin 81mg,Boston Pharma,Để xa tầm tay trẻ em,44,22,0,0
2/29/2024,Cefixime 200mg,OPC Pharma,Giữ trong tủ lạnh (2-8°C),77,25,0,1
2/29/2024,Loratadine 10mg,Mekophar,Bảo quản ở nhiệt độ phòng,27,31,0,0
2/29/2024,Omeprazole 20mg,Boston Pharma,Để xa tầm tay trẻ em,74,28,0,0
3/1/2024,Paracetamol 500mg,Traphaco,"Bảo quản nơi khô ráo, thoáng mát",14,34,1,0
3/1/2024,Amoxicillin 250mg,OPC Pharma,Giữ trong tủ lạnh (2-8°C),86,33,1,0
3/1/2024,Vitamin C 1000mg,Imexpharm,Để xa tầm tay trẻ em,80,23,1,1
3/1/2024,Ibuprofen 400mg,Stella Pharma,Để xa tầm tay trẻ em,77,27,1,0
3/1/2024,Aspirin 81mg,Imexpharm,Để xa tầm tay trẻ em,22,22,1,0
3/1/2024,Cefixime 200mg,Traphaco,Giữ trong tủ lạnh (2-8°C),56,30,1,1
3/1/2024,Loratadine 10mg,Imexpharm,Giữ trong tủ lạnh (2-8°C),94,24,1,1
3/1/2024,Omeprazole 20mg,Imexpharm,Bảo quản ở nhiệt độ phòng,18,20,1,1
3/2/2024,Paracetamol 500mg,Imexpharm,Giữ trong tủ lạnh (2-8°C),12,26,1,0
3/2/2024,Amoxicillin 250mg,Stella Pharma,"Bảo quản nơi khô ráo, thoáng mát",46,33,1,1
3/2/2024,Vitamin C 1000mg,Mekophar,Giữ trong tủ lạnh (2-8°C),78,33,1,1
3/2/2024,Ibuprofen 400mg,Stella Pharma,Để xa tầm tay trẻ em,73,35,1,1
3/2/2024,Aspirin 81mg,Imexpharm,Để xa tầm tay trẻ em,110,26,1,1
3/2/2024,Cefixime 200mg,Boston Pharma,"Bảo quản nơi khô ráo, thoáng mát",60,25,1,1
3/2/2024,Loratadine 10mg,Mekophar,Để xa tầm tay trẻ em,10,29,1,1
3/2/2024,Omeprazole 20mg,Boston Pharma,Giữ trong tủ lạnh (2-8°C),41,26,1,0
3/3/2024,Paracetamol 500mg,Imexpharm,Để xa tầm tay trẻ em,37,29,1,1
3/3/2024,Amoxicillin 250mg,Mekophar,Tránh ánh nắng trực tiếp,77,32,1,0
3/3/2024,Vitamin C 1000mg,DHG Pharmacy,Tránh ánh nắng trực tiếp,87,31,1,1
3/3/2024,Ibuprofen 400mg,DHG Pharmacy,Bảo quản ở nhiệt độ phòng,117,23,1,0
3/3/2024,Aspirin 81mg,DHG Pharmacy,Tránh ánh nắng trực tiếp,92,32,1,0
3/3/2024,Cefixime 200mg,DHG Pharmacy,"Bảo quản nơi khô ráo, thoáng mát",90,30,1,0
3/3/2024,Loratadine 10mg,Mekophar,Để xa tầm tay trẻ em,70,25,1,1
3/3/2024,Omeprazole 20mg,Traphaco,"Bảo quản nơi khô ráo, thoáng mát",113,24,1,0
3/4/2024,Paracetamol 500mg,Mekophar,Tránh ánh nắng trực tiếp,80,21,1,0
3/4/2024,Amoxicillin 250mg,OPC Pharma,Để xa tầm tay trẻ em,11,20,1,0
3/4/2024,Vitamin C 1000mg,Boston Pharma,Giữ trong tủ lạnh (2-8°C),13,26,1,0
3/4/2024,Ibuprofen 400mg,Boston Pharma,Giữ trong tủ lạnh (2-8°C),119,30,1,0
3/4/2024,Aspirin 81mg,Mekophar,Tránh ánh nắng trực tiếp,17,25,1,1
3/4/2024,Cefixime 200mg,DHG Pharmacy,Để xa tầm tay trẻ em,101,25,1,1
3/4/2024,Loratadine 10mg,Imexpharm,Tránh ánh nắng trực tiếp,81,24,1,0
3/4/2024,Omeprazole 20mg,OPC Pharma,Tránh ánh nắng trực tiếp,19,28,1,0
3/5/2024,Paracetamol 500mg,Traphaco,Tránh ánh nắng trực tiếp,79,29,1,1
3/5/2024,Amoxicillin 250mg,Imexpharm,"Bảo quản nơi khô ráo, thoáng mát",94,24,1,0
3/5/2024,Vitamin C 1000mg,Traphaco,Tránh ánh nắng trực tiếp,12,25,1,0
3/5/2024,Ibuprofen 400mg,Imexpharm,Giữ trong tủ lạnh (2-8°C),116,27,1,1
3/5/2024,Aspirin 81mg,Imexpharm,Tránh ánh nắng trực tiếp,67,29,1,1
3/5/2024,Cefixime 200mg,DHG Pharmacy,"Bảo quản nơi khô ráo, thoáng mát",91,25,1,1
3/5/2024,Loratadine 10mg,OPC Pharma,Để xa tầm tay trẻ em,97,29,1,1
3/5/2024,Omeprazole 20mg,Boston Pharma,Tránh ánh nắng trực tiếp,102,26,1,0
3/6/2024,Paracetamol 500mg,Stella Pharma,"Bảo quản nơi khô ráo, thoáng mát",76,28,1,0
3/6/2024,Amoxicillin 250mg,Imexpharm,Giữ trong tủ lạnh (2-8°C),40,33,1,1
3/6/2024,Vitamin C 1000mg,Boston Pharma,Bảo quản ở nhiệt độ phòng,65,33,1,1
3/6/2024,Ibuprofen 400mg,Traphaco,Bảo quản ở nhiệt độ phòng,80,21,1,1
3/6/2024,Aspirin 81mg,Imexpharm,Để xa tầm tay trẻ em,34,34,1,1
3/6/2024,Cefixime 200mg,Stella Pharma,Bảo quản ở nhiệt độ phòng,71,25,1,0
3/6/2024,Loratadine 10mg,DHG Pharmacy,Bảo quản ở nhiệt độ phòng,17,28,1,1
3/6/2024,Omeprazole 20mg,Mekophar,Giữ trong tủ lạnh (2-8°C),51,30,1,0
3/7/2024,Paracetamol 500mg,Imexpharm,"Bảo quản nơi khô ráo, thoáng mát",17,28,1,0
3/7/2024,Amoxicillin 250mg,Imexpharm,"Bảo quản nơi khô ráo, thoáng mát",115,25,1,0
3/7/2024,Vitamin C 1000mg,Boston Pharma,Giữ trong tủ lạnh (2-8°C),58,20,1,1
3/7/2024,Ibuprofen 400mg,Boston Pharma,Để xa tầm tay trẻ em,89,21,1,1
3/7/2024,Aspirin 81mg,Traphaco,Để xa tầm tay trẻ em,59,26,1,0
3/7/2024,Cefixime 200mg,DHG Pharmacy,Bảo quản ở nhiệt độ phòng,12,30,1,1
3/7/2024,Loratadine 10mg,Mekophar,Giữ trong tủ lạnh (2-8°C),108,35,1,1
3/7/2024,Omeprazole 20mg,Boston Pharma,Giữ trong tủ lạnh (2-8°C),50,34,1,0
3/8/2024,Paracetamol 500mg,DHG Pharmacy,Để xa tầm tay trẻ em,85,28,1,1
3/8/2024,Amoxicillin 250mg,DHG Pharmacy,Để xa tầm tay trẻ em,102,26,1,1
3/8/2024,Vitamin C 1000mg,DHG Pharmacy,Tránh ánh nắng trực tiếp,81,20,1,0
3/8/2024,Ibuprofen 400mg,DHG Pharmacy,"Bảo quản nơi khô ráo, thoáng mát",77,20,1,0
3/8/2024,Aspirin 81mg,OPC Pharma,Giữ trong tủ lạnh (2-8°C),110,25,1,1
3/8/2024,Cefixime 200mg,DHG Pharmacy,Bảo quản ở nhiệt độ phòng,60,23,1,1
3/8/2024,Loratadine 10mg,Traphaco,Bảo quản ở nhiệt độ phòng,116,31,1,0
3/8/2024,Omeprazole 20mg,Traphaco,Bảo quản ở nhiệt độ phòng,102,22,1,0
3/9/2024,Paracetamol 500mg,Stella Pharma,Giữ trong tủ lạnh (2-8°C),61,23,1,0
3/9/2024,Amoxicillin 250mg,Stella Pharma,Tránh ánh nắng trực tiếp,68,25,1,1
3/9/2024,Vitamin C 1000mg,Stella Pharma,"Bảo quản nơi khô ráo, thoáng mát",41,22,1,1
3/9/2024,Ibuprofen 400mg,Imexpharm,"Bảo quản nơi khô ráo, thoáng mát",13,21,1,1
3/9/2024,Aspirin 81mg,DHG Pharmacy,Để xa tầm tay trẻ em,118,24,1,0
3/9/2024,Cefixime 200mg,Traphaco,"Bảo quản nơi khô ráo, thoáng mát",26,33,1,1
3/9/2024,Loratadine 10mg,OPC Pharma,Giữ trong tủ lạnh (2-8°C),18,24,1,0
3/9/2024,Omeprazole 20mg,Imexpharm,Tránh ánh nắng trực tiếp,62,32,1,0
3/10/2024,Paracetamol 500mg,Boston Pharma,Bảo quản ở nhiệt độ phòng,97,34,1,0
3/10/2024,Amoxicillin 250mg,Traphaco,Để xa tầm tay trẻ em,60,20,1,0
3/10/2024,Vitamin C 1000mg,Boston Pharma,Tránh ánh nắng trực tiếp,112,30,1,0
3/10/2024,Ibuprofen 400mg,Traphaco,Tránh ánh nắng trực tiếp,96,33,1,1
3/10/2024,Aspirin 81mg,Mekophar,Tránh ánh nắng trực tiếp,119,26,1,1
3/10/2024,Cefixime 200mg,Boston Pharma,Để xa tầm tay trẻ em,38,25,1,1
3/10/2024,Loratadine 10mg,Traphaco,Tránh ánh nắng trực tiếp,61,28,1,0
3/10/2024,Omeprazole 20mg,Traphaco,Bảo quản ở nhiệt độ phòng,83,29,1,1
3/11/2024,Paracetamol 500mg,Boston Pharma,Bảo quản ở nhiệt độ phòng,82,25,1,1
3/11/2024,Amoxicillin 250mg,Traphaco,Để xa tầm tay trẻ em,53,24,1,1
3/11/2024,Vitamin C 1000mg,Boston Pharma,Giữ trong tủ lạnh (2-8°C),80,31,1,0
3/11/2024,Ibuprofen 400mg,DHG Pharmacy,Giữ trong tủ lạnh (2-8°C),74,31,1,0
3/11/2024,Aspirin 81mg,DHG Pharmacy,"Bảo quản nơi khô ráo, thoáng mát",42,31,1,0
3/11/2024,Cefixime 200mg,Stella Pharma,Giữ trong tủ lạnh (2-8°C),115,21,1,1
3/11/2024,Loratadine 10mg,Boston Pharma,Giữ trong tủ lạnh (2-8°C),95,31,1,1
3/11/2024,Omeprazole 20mg,OPC Pharma,Giữ trong tủ lạnh (2-8°C),32,24,1,0
3/12/2024,Paracetamol 500mg,Boston Pharma,Giữ trong tủ lạnh (2-8°C),109,25,1,1
3/12/2024,Amoxicillin 250mg,OPC Pharma,Tránh ánh nắng trực tiếp,89,33,1,0
3/12/2024,Vitamin C 1000mg,Traphaco,"Bảo quản nơi khô ráo, thoáng mát",57,35,1,1
3/12/2024,Ibuprofen 400mg,Traphaco,Bảo quản ở nhiệt độ phòng,90,35,1,0
3/12/2024,Aspirin 81mg,Boston Pharma,"Bảo quản nơi khô ráo, thoáng mát",110,27,1,0
3/12/2024,Cefixime 200mg,Traphaco,"Bảo quản nơi khô ráo, thoáng mát",111,35,1,1
3/12/2024,Loratadine 10mg,Boston Pharma,Tránh ánh nắng trực tiếp,22,24,1,0
3/12/2024,Omeprazole 20mg,OPC Pharma,Bảo quản ở nhiệt độ phòng,116,20,1,1
3/13/2024,Paracetamol 500mg,DHG Pharmacy,Để xa tầm tay trẻ em,97,33,1,0
3/13/2024,Amoxicillin 250mg,DHG Pharmacy,Để xa tầm tay trẻ em,99,33,1,0
3/13/2024,Vitamin C 1000mg,DHG Pharmacy,Để xa tầm tay trẻ em,108,30,1,0
3/13/2024,Ibuprofen 400mg,Boston Pharma,Giữ trong tủ lạnh (2-8°C),31,34,1,0
3/13/2024,Aspirin 81mg,Traphaco,Để xa tầm tay trẻ em,51,33,1,1
3/13/2024,Cefixime 200mg,Stella Pharma,Để xa tầm tay trẻ em,31,22,1,1
3/13/2024,Loratadine 10mg,Boston Pharma,"Bảo quản nơi khô ráo, thoáng mát",98,26,1,1
3/13/2024,Omeprazole 20mg,Stella Pharma,Để xa tầm tay trẻ em,41,23,1,1
3/14/2024,Paracetamol 500mg,DHG Pharmacy,Tránh ánh nắng trực tiếp,96,27,1,1
3/14/2024,Amoxicillin 250mg,Boston Pharma,Để xa tầm tay trẻ em,109,25,1,1
3/14/2024,Vitamin C 1000mg,Mekophar,"Bảo quản nơi khô ráo, thoáng mát",66,34,1,0
3/14/2024,Ibuprofen 400mg,Boston Pharma,Giữ trong tủ lạnh (2-8°C),81,23,1,1
3/14/2024,Aspirin 81mg,OPC Pharma,Bảo quản ở nhiệt độ phòng,65,35,1,0
3/14/2024,Cefixime 200mg,Mekophar,"Bảo quản nơi khô ráo, thoáng mát",94,21,1,1
3/14/2024,Loratadine 10mg,OPC Pharma,Bảo quản ở nhiệt độ phòng,25,29,1,1
3/14/2024,Omeprazole 20mg,DHG Pharmacy,Bảo quản ở nhiệt độ phòng,84,26,1,0
3/15/2024,Paracetamol 500mg,Traphaco,Bảo quản ở nhiệt độ phòng,42,22,1,0
3/15/2024,Amoxicillin 250mg,OPC Pharma,Tránh ánh nắng trực tiếp,118,24,1,1
3/15/2024,Vitamin C 1000mg,Mekophar,Bảo quản ở nhiệt độ phòng,115,34,1,1
3/15/2024,Ibuprofen 400mg,Imexpharm,Để xa tầm tay trẻ em,97,30,1,1
3/15/2024,Aspirin 81mg,Boston Pharma,Để xa tầm tay trẻ em,65,29,1,1
3/15/2024,Cefixime 200mg,Traphaco,Bảo quản ở nhiệt độ phòng,74,23,1,1
3/15/2024,Loratadine 10mg,Stella Pharma,Tránh ánh nắng trực tiếp,14,28,1,0
3/15/2024,Omeprazole 20mg,DHG Pharmacy,Để xa tầm tay trẻ em,28,25,1,1
3/16/2024,Paracetamol 500mg,Traphaco,Bảo quản ở nhiệt độ phòng,17,20,1,1
3/16/2024,Amoxicillin 250mg,Stella Pharma,Để xa tầm tay trẻ em,51,32,1,1
3/16/2024,Vitamin C 1000mg,Traphaco,Để xa tầm tay trẻ em,54,32,1,1
3/16/2024,Ibuprofen 400mg,Mekophar,Giữ trong tủ lạnh (2-8°C),104,27,1,1
3/16/2024,Aspirin 81mg,OPC Pharma,Bảo quản ở nhiệt độ phòng,86,24,1,1
3/16/2024,Cefixime 200mg,Mekophar,Bảo quản ở nhiệt độ phòng,107,21,1,1
3/16/2024,Loratadine 10mg,DHG Pharmacy,Tránh ánh nắng trực tiếp,22,34,1,0
3/16/2024,Omeprazole 20mg,Boston Pharma,Giữ trong tủ lạnh (2-8°C),51,25,1,1
3/17/2024,Paracetamol 500mg,Stella Pharma,Để xa tầm tay trẻ em,94,26,1,0
3/17/2024,Amoxicillin 250mg,Traphaco,Để xa tầm tay trẻ em,13,33,1,0
3/17/2024,Vitamin C 1000mg,Traphaco,"Bảo quản nơi khô ráo, thoáng mát",40,28,1,0
3/17/2024,Ibuprofen 400mg,Imexpharm,Giữ trong tủ lạnh (2-8°C),64,34,1,0
3/17/2024,Aspirin 81mg,Imexpharm,Để xa tầm tay trẻ em,93,26,1,0
3/17/2024,Cefixime 200mg,DHG Pharmacy,Giữ trong tủ lạnh (2-8°C),62,26,1,1
3/17/2024,Loratadine 10mg,Boston Pharma,Tránh ánh nắng trực tiếp,31,31,1,0
3/17/2024,Omeprazole 20mg,DHG Pharmacy,Giữ trong tủ lạnh (2-8°C),74,20,1,0
3/18/2024,Paracetamol 500mg,Mekophar,"Bảo quản nơi khô ráo, thoáng mát",85,25,1,1
3/18/2024,Amoxicillin 250mg,Mekophar,Bảo quản ở nhiệt độ phòng,65,29,1,0
3/18/2024,Vitamin C 1000mg,DHG Pharmacy,"Bảo quản nơi khô ráo, thoáng mát",72,21,1,0
3/18/2024,Ibuprofen 400mg,Boston Pharma,Giữ trong tủ lạnh (2-8°C),94,34,1,1
3/18/2024,Aspirin 81mg,Stella Pharma,Bảo quản ở nhiệt độ phòng,89,25,1,1
3/18/2024,Cefixime 200mg,Traphaco,Để xa tầm tay trẻ em,80,26,1,0
3/18/2024,Loratadine 10mg,DHG Pharmacy,Để xa tầm tay trẻ em,19,34,1,0
3/18/2024,Omeprazole 20mg,Traphaco,Giữ trong tủ lạnh (2-8°C),61,24,1,0
3/19/2024,Paracetamol 500mg,OPC Pharma,"Bảo quản nơi khô ráo, thoáng mát",42,33,1,1
3/19/2024,Amoxicillin 250mg,Mekophar,Để xa tầm tay trẻ em,14,27,1,0
3/19/2024,Vitamin C 1000mg,Traphaco,"Bảo quản nơi khô ráo, thoáng mát",31,22,1,1
3/19/2024,Ibuprofen 400mg,Boston Pharma,Để xa tầm tay trẻ em,13,24,1,1
3/19/2024,Aspirin 81mg,Stella Pharma,Bảo quản ở nhiệt độ phòng,44,27,1,1
3/19/2024,Cefixime 200mg,Imexpharm,Để xa tầm tay trẻ em,87,33,1,0
3/19/2024,Loratadine 10mg,Imexpharm,"Bảo quản nơi khô ráo, thoáng mát",120,27,1,1
3/19/2024,Omeprazole 20mg,Boston Pharma,Giữ trong tủ lạnh (2-8°C),112,25,1,0
3/20/2024,Paracetamol 500mg,Mekophar,Để xa tầm tay trẻ em,47,26,1,0
3/20/2024,Amoxicillin 250mg,OPC Pharma,Để xa tầm tay trẻ em,91,26,1,1
3/20/2024,Vitamin C 1000mg,Traphaco,Tránh ánh nắng trực tiếp,67,35,1,0
3/20/2024,Ibuprofen 400mg,Stella Pharma,Để xa tầm tay trẻ em,97,32,1,0
3/20/2024,Aspirin 81mg,Boston Pharma,Bảo quản ở nhiệt độ phòng,24,32,1,1
3/20/2024,Cefixime 200mg,Mekophar,Bảo quản ở nhiệt độ phòng,61,33,1,1
3/20/2024,Loratadine 10mg,DHG Pharmacy,"Bảo quản nơi khô ráo, thoáng mát",23,30,1,1
3/20/2024,Omeprazole 20mg,Traphaco,Tránh ánh nắng trực tiếp,84,34,1,1
3/21/2024,Paracetamol 500mg,Mekophar,Bảo quản ở nhiệt độ phòng,88,34,1,1
3/21/2024,Amoxicillin 250mg,OPC Pharma,"Bảo quản nơi khô ráo, thoáng mát",69,35,1,1
3/21/2024,Vitamin C 1000mg,OPC Pharma,Giữ trong tủ lạnh (2-8°C),113,22,1,0
3/21/2024,Ibuprofen 400mg,Traphaco,"Bảo quản nơi khô ráo, thoáng mát",102,35,1,1
3/21/2024,Aspirin 81mg,Stella Pharma,Giữ trong tủ lạnh (2-8°C),99,29,1,0
3/21/2024,Cefixime 200mg,OPC Pharma,Bảo quản ở nhiệt độ phòng,65,22,1,1
3/21/2024,Loratadine 10mg,Traphaco,Giữ trong tủ lạnh (2-8°C),24,23,1,0
3/21/2024,Omeprazole 20mg,Boston Pharma,"Bảo quản nơi khô ráo, thoáng mát",38,33,1,0
3/22/2024,Paracetamol 500mg,Traphaco,Giữ trong tủ lạnh (2-8°C),119,25,1,0
3/22/2024,Amoxicillin 250mg,OPC Pharma,Bảo quản ở nhiệt độ phòng,115,27,1,0
3/22/2024,Vitamin C 1000mg,Boston Pharma,"Bảo quản nơi khô ráo, thoáng mát",74,33,1,0
3/22/2024,Ibuprofen 400mg,Traphaco,Tránh ánh nắng trực tiếp,94,22,1,1
3/22/2024,Aspirin 81mg,DHG Pharmacy,"Bảo quản nơi khô ráo, thoáng mát",41,24,1,0
3/22/2024,Cefixime 200mg,Traphaco,"Bảo quản nơi khô ráo, thoáng mát",52,24,1,0
3/22/2024,Loratadine 10mg,DHG Pharmacy,Tránh ánh nắng trực tiếp,80,31,1,0
3/22/2024,Omeprazole 20mg,Mekophar,Giữ trong tủ lạnh (2-8°C),71,22,1,0
3/23/2024,Paracetamol 500mg,DHG Pharmacy,Giữ trong tủ lạnh (2-8°C),67,25,1,0
3/23/2024,Amoxicillin 250mg,Stella Pharma,Tránh ánh nắng trực tiếp,58,33,1,1
3/23/2024,Vitamin C 1000mg,Mekophar,Bảo quản ở nhiệt độ phòng,25,27,1,1
3/23/2024,Ibuprofen 400mg,OPC Pharma,Để xa tầm tay trẻ em,92,29,1,1
3/23/2024,Aspirin 81mg,Imexpharm,Tránh ánh nắng trực tiếp,117,24,1,0
3/23/2024,Cefixime 200mg,Mekophar,"Bảo quản nơi khô ráo, thoáng mát",52,35,1,0
3/23/2024,Loratadine 10mg,Imexpharm,Tránh ánh nắng trực tiếp,108,23,1,1
3/23/2024,Omeprazole 20mg,Traphaco,"Bảo quản nơi khô ráo, thoáng mát",96,26,1,1
3/24/2024,Paracetamol 500mg,Mekophar,Bảo quản ở nhiệt độ phòng,14,32,1,1
3/24/2024,Amoxicillin 250mg,Boston Pharma,Giữ trong tủ lạnh (2-8°C),92,31,1,0
3/24/2024,Vitamin C 1000mg,Imexpharm,Tránh ánh nắng trực tiếp,46,26,1,0
3/24/2024,Ibuprofen 400mg,OPC Pharma,Giữ trong tủ lạnh (2-8°C),16,31,1,1
3/24/2024,Aspirin 81mg,Mekophar,Giữ trong tủ lạnh (2-8°C),62,32,1,0
3/24/2024,Cefixime 200mg,OPC Pharma,Để xa tầm tay trẻ em,29,32,1,0
3/24/2024,Loratadine 10mg,DHG Pharmacy,Để xa tầm tay trẻ em,106,26,1,1
3/24/2024,Omeprazole 20mg,DHG Pharmacy,Bảo quản ở nhiệt độ phòng,53,34,1,0
3/25/2024,Paracetamol 500mg,DHG Pharmacy,Bảo quản ở nhiệt độ phòng,95,35,1,1
3/25/2024,Amoxicillin 250mg,Traphaco,Bảo quản ở nhiệt độ phòng,85,28,1,1
3/25/2024,Vitamin C 1000mg,DHG Pharmacy,Để xa tầm tay trẻ em,88,29,1,0
3/25/2024,Ibuprofen 400mg,Imexpharm,Giữ trong tủ lạnh (2-8°C),31,26,1,0
3/25/2024,Aspirin 81mg,DHG Pharmacy,Tránh ánh nắng trực tiếp,16,21,1,1
3/25/2024,Cefixime 200mg,Imexpharm,Để xa tầm tay trẻ em,40,33,1,0
3/25/2024,Loratadine 10mg,Imexpharm,"Bảo quản nơi khô ráo, thoáng mát",73,22,1,0
3/25/2024,Omeprazole 20mg,Imexpharm,Tránh ánh nắng trực tiếp,53,28,1,0
3/26/2024,Paracetamol 500mg,Traphaco,Giữ trong tủ lạnh (2-8°C),73,25,1,1
3/26/2024,Amoxicillin 250mg,Traphaco,Bảo quản ở nhiệt độ phòng,98,24,1,1
3/26/2024,Vitamin C 1000mg,DHG Pharmacy,Giữ trong tủ lạnh (2-8°C),19,26,1,1
3/26/2024,Ibuprofen 400mg,Imexpharm,Bảo quản ở nhiệt độ phòng,13,31,1,1
3/26/2024,Aspirin 81mg,DHG Pharmacy,Giữ trong tủ lạnh (2-8°C),62,22,1,1
3/26/2024,Cefixime 200mg,Mekophar,"Bảo quản nơi khô ráo, thoáng mát",22,35,1,0
3/26/2024,Loratadine 10mg,Traphaco,Bảo quản ở nhiệt độ phòng,105,25,1,1
3/26/2024,Omeprazole 20mg,Stella Pharma,Tránh ánh nắng trực tiếp,33,20,1,0
3/27/2024,Paracetamol 500mg,Mekophar,Để xa tầm tay trẻ em,72,31,1,1
3/27/2024,Amoxicillin 250mg,Mekophar,Để xa tầm tay trẻ em,16,32,1,0
3/27/2024,Vitamin C 1000mg,OPC Pharma,Để xa tầm tay trẻ em,118,29,1,1
3/27/2024,Ibuprofen 400mg,Stella Pharma,Giữ trong tủ lạnh (2-8°C),107,20,1,1
3/27/2024,Aspirin 81mg,DHG Pharmacy,Tránh ánh nắng trực tiếp,32,32,1,0
3/27/2024,Cefixime 200mg,Mekophar,Giữ trong tủ lạnh (2-8°C),58,23,1,1
3/27/2024,Loratadine 10mg,DHG Pharmacy,Bảo quản ở nhiệt độ phòng,118,28,1,0
3/27/2024,Omeprazole 20mg,OPC Pharma,Để xa tầm tay trẻ em,15,23,1,0
3/28/2024,Paracetamol 500mg,DHG Pharmacy,Bảo quản ở nhiệt độ phòng,13,29,1,1
3/28/2024,Amoxicillin 250mg,Stella Pharma,"Bảo quản nơi khô ráo, thoáng mát",58,29,1,0
3/28/2024,Vitamin C 1000mg,Stella Pharma,Bảo quản ở nhiệt độ phòng,18,23,1,0
3/28/2024,Ibuprofen 400mg,Imexpharm,Giữ trong tủ lạnh (2-8°C),80,23,1,0
3/28/2024,Aspirin 81mg,Imexpharm,Tránh ánh nắng trực tiếp,108,35,1,0
3/28/2024,Cefixime 200mg,Mekophar,"Bảo quản nơi khô ráo, thoáng mát",95,20,1,0
3/28/2024,Loratadine 10mg,OPC Pharma,Bảo quản ở nhiệt độ phòng,117,20,1,0
3/28/2024,Omeprazole 20mg,Traphaco,"Bảo quản nơi khô ráo, thoáng mát",36,33,1,0
3/29/2024,Paracetamol 500mg,OPC Pharma,Bảo quản ở nhiệt độ phòng,115,28,1,1
3/29/2024,Amoxicillin 250mg,Traphaco,Tránh ánh nắng trực tiếp,29,31,1,0
3/29/2024,Vitamin C 1000mg,DHG Pharmacy,Để xa tầm tay trẻ em,48,32,1,1
3/29/2024,Ibuprofen 400mg,Boston Pharma,Để xa tầm tay trẻ em,96,30,1,0
3/29/2024,Aspirin 81mg,Traphaco,Để xa tầm tay trẻ em,63,31,1,0
3/29/2024,Cefixime 200mg,DHG Pharmacy,Giữ trong tủ lạnh (2-8°C),25,21,1,0
3/29/2024,Loratadine 10mg,OPC Pharma,Để xa tầm tay trẻ em,22,35,1,0
3/29/2024,Omeprazole 20mg,Imexpharm,Tránh ánh nắng trực tiếp,105,26,1,1
3/30/2024,Paracetamol 500mg,DHG Pharmacy,Bảo quản ở nhiệt độ phòng,69,31,1,1
3/30/2024,Amoxicillin 250mg,Traphaco,"Bảo quản nơi khô ráo, thoáng mát",106,23,1,0
3/30/2024,Vitamin C 1000mg,Traphaco,Bảo quản ở nhiệt độ phòng,54,25,1,1
3/30/2024,Ibuprofen 400mg,DHG Pharmacy,Để xa tầm tay trẻ em,72,28,1,1
3/30/2024,Aspirin 81mg,Boston Pharma,Bảo quản ở nhiệt độ phòng,67,34,1,0
3/30/2024,Cefixime 200mg,Mekophar,Để xa tầm tay trẻ em,80,31,1,0
3/30/2024,Loratadine 10mg,Traphaco,Tránh ánh nắng trực tiếp,69,24,1,0
3/30/2024,Omeprazole 20mg,Traphaco,"Bảo quản nơi khô ráo, thoáng mát",111,21,1,0
3/31/2024,Paracetamol 500mg,Stella Pharma,Giữ trong tủ lạnh (2-8°C),25,28,1,1
3/31/2024,Amoxicillin 250mg,DHG Pharmacy,"Bảo quản nơi khô ráo, thoáng mát",47,30,1,0
3/31/2024,Vitamin C 1000mg,Boston Pharma,Giữ trong tủ lạnh (2-8°C),46,20,1,0
3/31/2024,Ibuprofen 400mg,Traphaco,Giữ trong tủ lạnh (2-8°C),35,33,1,1
3/31/2024,Aspirin 81mg,Stella Pharma,Tránh ánh nắng trực tiếp,111,31,1,0
3/31/2024,Cefixime 200mg,Stella Pharma,Để xa tầm tay trẻ em,15,21,1,0
3/31/2024,Loratadine 10mg,Traphaco,Giữ trong tủ lạnh (2-8°C),88,31,1,0
3/31/2024,Omeprazole 20mg,DHG Pharmacy,Giữ trong tủ lạnh (2-8°C),36,35,1,0
4/1/2024,Paracetamol 500mg,Stella Pharma,Tránh ánh nắng trực tiếp,111,31,1,1
4/1/2024,Amoxicillin 250mg,Mekophar,Bảo quản ở nhiệt độ phòng,32,26,1,0
4/1/2024,Vitamin C 1000mg,Mekophar,"Bảo quản nơi khô ráo, thoáng mát",74,29,1,1
4/1/2024,Ibuprofen 400mg,DHG Pharmacy,"Bảo quản nơi khô ráo, thoáng mát",32,22,1,0
4/1/2024,Aspirin 81mg,DHG Pharmacy,"Bảo quản nơi khô ráo, thoáng mát",21,29,1,1
4/1/2024,Cefixime 200mg,Stella Pharma,Giữ trong tủ lạnh (2-8°C),80,22,1,1
4/1/2024,Loratadine 10mg,Mekophar,Giữ trong tủ lạnh (2-8°C),24,30,1,1
4/1/2024,Omeprazole 20mg,Imexpharm,Giữ trong tủ lạnh (2-8°C),119,28,1,1
4/2/2024,Paracetamol 500mg,OPC Pharma,Tránh ánh nắng trực tiếp,28,20,1,0
4/2/2024,Amoxicillin 250mg,Boston Pharma,Để xa tầm tay trẻ em,79,23,1,0
4/2/2024,Vitamin C 1000mg,DHG Pharmacy,Tránh ánh nắng trực tiếp,53,31,1,0
4/2/2024,Ibuprofen 400mg,OPC Pharma,Tránh ánh nắng trực tiếp,107,31,1,0
4/2/2024,Aspirin 81mg,Mekophar,Bảo quản ở nhiệt độ phòng,78,32,1,0
4/2/2024,Cefixime 200mg,Boston Pharma,Để xa tầm tay trẻ em,63,34,1,1
4/2/2024,Loratadine 10mg,Stella Pharma,"Bảo quản nơi khô ráo, thoáng mát",47,30,1,1
4/2/2024,Omeprazole 20mg,Mekophar,Giữ trong tủ lạnh (2-8°C),83,35,1,1
4/3/2024,Paracetamol 500mg,Imexpharm,Giữ trong tủ lạnh (2-8°C),21,28,1,1
4/3/2024,Amoxicillin 250mg,Imexpharm,Giữ trong tủ lạnh (2-8°C),51,31,1,1
4/3/2024,Vitamin C 1000mg,Traphaco,Giữ trong tủ lạnh (2-8°C),115,22,1,1
4/3/2024,Ibuprofen 400mg,Traphaco,Để xa tầm tay trẻ em,111,25,1,1
4/3/2024,Aspirin 81mg,Imexpharm,Giữ trong tủ lạnh (2-8°C),55,26,1,1
4/3/2024,Cefixime 200mg,DHG Pharmacy,Tránh ánh nắng trực tiếp,68,27,1,0
4/3/2024,Loratadine 10mg,Boston Pharma,Bảo quản ở nhiệt độ phòng,114,28,1,0
4/3/2024,Omeprazole 20mg,OPC Pharma,Bảo quản ở nhiệt độ phòng,65,31,1,0
4/4/2024,Paracetamol 500mg,Imexpharm,Bảo quản ở nhiệt độ phòng,65,22,1,0
4/4/2024,Amoxicillin 250mg,OPC Pharma,Để xa tầm tay trẻ em,78,24,1,1
4/4/2024,Vitamin C 1000mg,Boston Pharma,Tránh ánh nắng trực tiếp,65,26,1,0
4/4/2024,Ibuprofen 400mg,Mekophar,"Bảo quản nơi khô ráo, thoáng mát",34,21,1,0
4/4/2024,Aspirin 81mg,Mekophar,Tránh ánh nắng trực tiếp,42,30,1,1
4/4/2024,Cefixime 200mg,Mekophar,Để xa tầm tay trẻ em,120,22,1,1
4/4/2024,Loratadine 10mg,OPC Pharma,Để xa tầm tay trẻ em,41,34,1,1
4/4/2024,Omeprazole 20mg,DHG Pharmacy,Để xa tầm tay trẻ em,71,28,1,0
4/5/2024,Paracetamol 500mg,OPC Pharma,Bảo quản ở nhiệt độ phòng,103,34,1,1
4/5/2024,Amoxicillin 250mg,Traphaco,Bảo quản ở nhiệt độ phòng,72,26,1,1
4/5/2024,Vitamin C 1000mg,Mekophar,Giữ trong tủ lạnh (2-8°C),66,25,1,1
4/5/2024,Ibuprofen 400mg,OPC Pharma,Bảo quản ở nhiệt độ phòng,48,23,1,0
4/5/2024,Aspirin 81mg,OPC Pharma,Bảo quản ở nhiệt độ phòng,85,23,1,1
4/5/2024,Cefixime 200mg,OPC Pharma,"Bảo quản nơi khô ráo, thoáng mát",106,29,1,1
4/5/2024,Loratadine 10mg,OPC Pharma,Bảo quản ở nhiệt độ phòng,40,26,1,1
4/5/2024,Omeprazole 20mg,OPC Pharma,Bảo quản ở nhiệt độ phòng,10,21,1,0
4/6/2024,Paracetamol 500mg,Traphaco,Giữ trong tủ lạnh (2-8°C),84,21,1,0
4/6/2024,Amoxicillin 250mg,Traphaco,Tránh ánh nắng trực tiếp,97,35,1,0
4/6/2024,Vitamin C 1000mg,OPC Pharma,Tránh ánh nắng trực tiếp,17,27,1,0
4/6/2024,Ibuprofen 400mg,Mekophar,Bảo quản ở nhiệt độ phòng,20,35,1,1
4/6/2024,Aspirin 81mg,DHG Pharmacy,Để xa tầm tay trẻ em,29,28,1,0
4/6/2024,Cefixime 200mg,Traphaco,Để xa tầm tay trẻ em,98,23,1,1
4/6/2024,Loratadine 10mg,OPC Pharma,Tránh ánh nắng trực tiếp,82,28,1,1
4/6/2024,Omeprazole 20mg,Imexpharm,Để xa tầm tay trẻ em,18,21,1,1
4/7/2024,Paracetamol 500mg,Stella Pharma,Bảo quản ở nhiệt độ phòng,78,20,1,0
4/7/2024,Amoxicillin 250mg,Traphaco,Để xa tầm tay trẻ em,110,32,1,1
4/7/2024,Vitamin C 1000mg,Traphaco,Tránh ánh nắng trực tiếp,53,32,1,0
4/7/2024,Ibuprofen 400mg,Boston Pharma,Tránh ánh nắng trực tiếp,28,34,1,0
4/7/2024,Aspirin 81mg,Traphaco,Để xa tầm tay trẻ em,63,32,1,1
4/7/2024,Cefixime 200mg,OPC Pharma,Bảo quản ở nhiệt độ phòng,64,24,1,1
4/7/2024,Loratadine 10mg,Mekophar,"Bảo quản nơi khô ráo, thoáng mát",46,30,1,1
4/7/2024,Omeprazole 20mg,Mekophar,Để xa tầm tay trẻ em,59,34,1,0
4/8/2024,Paracetamol 500mg,Mekophar,Tránh ánh nắng trực tiếp,24,35,1,0
4/8/2024,Amoxicillin 250mg,Stella Pharma,"Bảo quản nơi khô ráo, thoáng mát",61,35,1,1
4/8/2024,Vitamin C 1000mg,Boston Pharma,Tránh ánh nắng trực tiếp,69,21,1,0
4/8/2024,Ibuprofen 400mg,Boston Pharma,Tránh ánh nắng trực tiếp,38,20,1,0
4/8/2024,Aspirin 81mg,OPC Pharma,Giữ trong tủ lạnh (2-8°C),104,27,1,1
4/8/2024,Cefixime 200mg,DHG Pharmacy,Giữ trong tủ lạnh (2-8°C),116,34,1,0
4/8/2024,Loratadine 10mg,OPC Pharma,"Bảo quản nơi khô ráo, thoáng mát",54,22,1,0
4/8/2024,Omeprazole 20mg,DHG Pharmacy,Bảo quản ở nhiệt độ phòng,31,20,1,0
4/9/2024,Paracetamol 500mg,Boston Pharma,Giữ trong tủ lạnh (2-8°C),30,29,1,1
4/9/2024,Amoxicillin 250mg,Boston Pharma,Để xa tầm tay trẻ em,78,25,1,1
4/9/2024,Vitamin C 1000mg,Traphaco,Giữ trong tủ lạnh (2-8°C),23,35,1,0
4/9/2024,Ibuprofen 400mg,Mekophar,Để xa tầm tay trẻ em,108,22,1,0
4/9/2024,Aspirin 81mg,Traphaco,Bảo quản ở nhiệt độ phòng,26,29,1,1
4/9/2024,Cefixime 200mg,Imexpharm,Tránh ánh nắng trực tiếp,29,34,1,1
4/9/2024,Loratadine 10mg,OPC Pharma,"Bảo quản nơi khô ráo, thoáng mát",28,25,1,0
4/9/2024,Omeprazole 20mg,Imexpharm,Bảo quản ở nhiệt độ phòng,73,22,1,0
4/10/2024,Paracetamol 500mg,Imexpharm,Giữ trong tủ lạnh (2-8°C),19,32,1,0
4/10/2024,Amoxicillin 250mg,Stella Pharma,Giữ trong tủ lạnh (2-8°C),104,32,1,1
4/10/2024,Vitamin C 1000mg,Imexpharm,Để xa tầm tay trẻ em,102,30,1,0
4/10/2024,Ibuprofen 400mg,Imexpharm,Để xa tầm tay trẻ em,17,32,1,1
4/10/2024,Aspirin 81mg,OPC Pharma,Tránh ánh nắng trực tiếp,102,24,1,1
4/10/2024,Cefixime 200mg,DHG Pharmacy,Để xa tầm tay trẻ em,52,34,1,0
4/10/2024,Loratadine 10mg,DHG Pharmacy,Để xa tầm tay trẻ em,83,30,1,0
4/10/2024,Omeprazole 20mg,Mekophar,Tránh ánh nắng trực tiếp,39,27,1,0
4/11/2024,Paracetamol 500mg,Stella Pharma,Giữ trong tủ lạnh (2-8°C),75,35,1,0
4/11/2024,Amoxicillin 250mg,DHG Pharmacy,Giữ trong tủ lạnh (2-8°C),112,35,1,1
4/11/2024,Vitamin C 1000mg,Mekophar,Tránh ánh nắng trực tiếp,12,32,1,0
4/11/2024,Ibuprofen 400mg,DHG Pharmacy,"Bảo quản nơi khô ráo, thoáng mát",42,34,1,1
4/11/2024,Aspirin 81mg,Stella Pharma,"Bảo quản nơi khô ráo, thoáng mát",91,28,1,1
4/11/2024,Cefixime 200mg,OPC Pharma,Giữ trong tủ lạnh (2-8°C),26,27,1,0
4/11/2024,Loratadine 10mg,Boston Pharma,Để xa tầm tay trẻ em,64,29,1,0
4/11/2024,Omeprazole 20mg,Stella Pharma,Tránh ánh nắng trực tiếp,18,33,1,0
4/12/2024,Paracetamol 500mg,Boston Pharma,"Bảo quản nơi khô ráo, thoáng mát",117,34,1,1
4/12/2024,Amoxicillin 250mg,Stella Pharma,Tránh ánh nắng trực tiếp,55,23,1,1
4/12/2024,Vitamin C 1000mg,Stella Pharma,Bảo quản ở nhiệt độ phòng,63,24,1,0
4/12/2024,Ibuprofen 400mg,Stella Pharma,"Bảo quản nơi khô ráo, thoáng mát",58,22,1,0
4/12/2024,Aspirin 81mg,Imexpharm,Giữ trong tủ lạnh (2-8°C),114,27,1,1
4/12/2024,Cefixime 200mg,DHG Pharmacy,Bảo quản ở nhiệt độ phòng,112,21,1,1
4/12/2024,Loratadine 10mg,Stella Pharma,Tránh ánh nắng trực tiếp,43,24,1,1
4/12/2024,Omeprazole 20mg,Stella Pharma,Bảo quản ở nhiệt độ phòng,114,28,1,0
4/13/2024,Paracetamol 500mg,Mekophar,Bảo quản ở nhiệt độ phòng,68,32,1,1
4/13/2024,Amoxicillin 250mg,Mekophar,Giữ trong tủ lạnh (2-8°C),100,34,1,1
4/13/2024,Vitamin C 1000mg,Stella Pharma,Bảo quản ở nhiệt độ phòng,100,26,1,0
4/13/2024,Ibuprofen 400mg,Stella Pharma,"Bảo quản nơi khô ráo, thoáng mát",60,31,1,0
4/13/2024,Aspirin 81mg,Stella Pharma,Tránh ánh nắng trực tiếp,17,22,1,0
4/13/2024,Cefixime 200mg,DHG Pharmacy,Để xa tầm tay trẻ em,23,34,1,1
4/13/2024,Loratadine 10mg,Stella Pharma,"Bảo quản nơi khô ráo, thoáng mát",109,31,1,0
4/13/2024,Omeprazole 20mg,Stella Pharma,Giữ trong tủ lạnh (2-8°C),98,22,1,1
4/14/2024,Paracetamol 500mg,DHG Pharmacy,Để xa tầm tay trẻ em,48,34,1,0
4/14/2024,Amoxicillin 250mg,Mekophar,"Bảo quản nơi khô ráo, thoáng mát",55,27,1,1
4/14/2024,Vitamin C 1000mg,DHG Pharmacy,Giữ trong tủ lạnh (2-8°C),71,27,1,0
4/14/2024,Ibuprofen 400mg,Traphaco,"Bảo quản nơi khô ráo, thoáng mát",116,21,1,1
4/14/2024,Aspirin 81mg,Imexpharm,Tránh ánh nắng trực tiếp,97,28,1,1
4/14/2024,Cefixime 200mg,Imexpharm,Tránh ánh nắng trực tiếp,77,33,1,1
4/14/2024,Loratadine 10mg,Mekophar,Bảo quản ở nhiệt độ phòng,114,32,1,0
4/14/2024,Omeprazole 20mg,Imexpharm,Tránh ánh nắng trực tiếp,98,24,1,1
4/15/2024,Paracetamol 500mg,Imexpharm,"Bảo quản nơi khô ráo, thoáng mát",17,30,1,1
4/15/2024,Amoxicillin 250mg,DHG Pharmacy,Để xa tầm tay trẻ em,20,33,1,0
4/15/2024,Vitamin C 1000mg,Traphaco,Bảo quản ở nhiệt độ phòng,65,23,1,0
4/15/2024,Ibuprofen 400mg,Traphaco,"Bảo quản nơi khô ráo, thoáng mát",47,33,1,1
4/15/2024,Aspirin 81mg,Traphaco,Để xa tầm tay trẻ em,80,34,1,0
4/15/2024,Cefixime 200mg,OPC Pharma,Tránh ánh nắng trực tiếp,75,32,1,0
4/15/2024,Loratadine 10mg,Boston Pharma,Tránh ánh nắng trực tiếp,113,26,1,0
4/15/2024,Omeprazole 20mg,Mekophar,Để xa tầm tay trẻ em,24,20,1,0
4/16/2024,Paracetamol 500mg,Boston Pharma,Giữ trong tủ lạnh (2-8°C),47,26,1,0
4/16/2024,Amoxicillin 250mg,Boston Pharma,Để xa tầm tay trẻ em,97,32,1,0
4/16/2024,Vitamin C 1000mg,Stella Pharma,Giữ trong tủ lạnh (2-8°C),85,22,1,1
4/16/2024,Ibuprofen 400mg,DHG Pharmacy,Tránh ánh nắng trực tiếp,103,26,1,0
4/16/2024,Aspirin 81mg,OPC Pharma,Giữ trong tủ lạnh (2-8°C),19,34,1,0
4/16/2024,Cefixime 200mg,Imexpharm,Để xa tầm tay trẻ em,104,24,1,0
4/16/2024,Loratadine 10mg,Mekophar,Giữ trong tủ lạnh (2-8°C),59,33,1,1
4/16/2024,Omeprazole 20mg,DHG Pharmacy,Tránh ánh nắng trực tiếp,26,24,1,0
4/17/2024,Paracetamol 500mg,Mekophar,Tránh ánh nắng trực tiếp,87,24,1,1
4/17/2024,Amoxicillin 250mg,Traphaco,Tránh ánh nắng trực tiếp,22,35,1,1
4/17/2024,Vitamin C 1000mg,Boston Pharma,Để xa tầm tay trẻ em,90,25,1,0
4/17/2024,Ibuprofen 400mg,Traphaco,Để xa tầm tay trẻ em,103,33,1,0
4/17/2024,Aspirin 81mg,Stella Pharma,"Bảo quản nơi khô ráo, thoáng mát",19,28,1,1
4/17/2024,Cefixime 200mg,OPC Pharma,Tránh ánh nắng trực tiếp,58,33,1,0
4/17/2024,Loratadine 10mg,DHG Pharmacy,Để xa tầm tay trẻ em,42,21,1,0
4/17/2024,Omeprazole 20mg,Boston Pharma,Giữ trong tủ lạnh (2-8°C),99,26,1,0
4/18/2024,Paracetamol 500mg,OPC Pharma,Tránh ánh nắng trực tiếp,24,30,1,0
4/18/2024,Amoxicillin 250mg,Boston Pharma,Để xa tầm tay trẻ em,65,32,1,1
4/18/2024,Vitamin C 1000mg,Boston Pharma,Tránh ánh nắng trực tiếp,85,35,1,0
4/18/2024,Ibuprofen 400mg,Traphaco,"Bảo quản nơi khô ráo, thoáng mát",98,27,1,0
4/18/2024,Aspirin 81mg,Boston Pharma,Bảo quản ở nhiệt độ phòng,84,35,1,1
4/18/2024,Cefixime 200mg,Imexpharm,Giữ trong tủ lạnh (2-8°C),75,22,1,1
4/18/2024,Loratadine 10mg,Traphaco,Bảo quản ở nhiệt độ phòng,50,20,1,0
4/18/2024,Omeprazole 20mg,OPC Pharma,"Bảo quản nơi khô ráo, thoáng mát",13,29,1,1
4/19/2024,Paracetamol 500mg,DHG Pharmacy,"Bảo quản nơi khô ráo, thoáng mát",59,27,1,1
4/19/2024,Amoxicillin 250mg,Traphaco,"Bảo quản nơi khô ráo, thoáng mát",51,21,1,1
4/19/2024,Vitamin C 1000mg,DHG Pharmacy,Giữ trong tủ lạnh (2-8°C),79,32,1,0
4/19/2024,Ibuprofen 400mg,Boston Pharma,Giữ trong tủ lạnh (2-8°C),83,31,1,0
4/19/2024,Aspirin 81mg,Imexpharm,"Bảo quản nơi khô ráo, thoáng mát",14,26,1,0
4/19/2024,Cefixime 200mg,DHG Pharmacy,Tránh ánh nắng trực tiếp,95,23,1,0
4/19/2024,Loratadine 10mg,Imexpharm,Bảo quản ở nhiệt độ phòng,16,27,1,1
4/19/2024,Omeprazole 20mg,Mekophar,Bảo quản ở nhiệt độ phòng,112,32,1,1
4/20/2024,Paracetamol 500mg,Mekophar,Giữ trong tủ lạnh (2-8°C),115,31,1,1
4/20/2024,Amoxicillin 250mg,DHG Pharmacy,Bảo quản ở nhiệt độ phòng,50,22,1,0
4/20/2024,Vitamin C 1000mg,Boston Pharma,Để xa tầm tay trẻ em,87,31,1,0
4/20/2024,Ibuprofen 400mg,Stella Pharma,Để xa tầm tay trẻ em,69,33,1,0
4/20/2024,Aspirin 81mg,Mekophar,"Bảo quản nơi khô ráo, thoáng mát",76,29,1,0
4/20/2024,Cefixime 200mg,Boston Pharma,Tránh ánh nắng trực tiếp,57,29,1,0
4/20/2024,Loratadine 10mg,Mekophar,Bảo quản ở nhiệt độ phòng,14,33,1,0
4/20/2024,Omeprazole 20mg,Traphaco,Giữ trong tủ lạnh (2-8°C),112,35,1,0
4/21/2024,Paracetamol 500mg,Traphaco,Để xa tầm tay trẻ em,73,21,1,1
4/21/2024,Amoxicillin 250mg,Imexpharm,Tránh ánh nắng trực tiếp,102,33,1,1
4/21/2024,Vitamin C 1000mg,Mekophar,Tránh ánh nắng trực tiếp,14,26,1,1
4/21/2024,Ibuprofen 400mg,Boston Pharma,"Bảo quản nơi khô ráo, thoáng mát",111,24,1,0
4/21/2024,Aspirin 81mg,Boston Pharma,Tránh ánh nắng trực tiếp,12,20,1,1
4/21/2024,Cefixime 200mg,OPC Pharma,Để xa tầm tay trẻ em,105,35,1,1
4/21/2024,Loratadine 10mg,Stella Pharma,Tránh ánh nắng trực tiếp,71,35,1,1
4/21/2024,Omeprazole 20mg,Imexpharm,Bảo quản ở nhiệt độ phòng,120,26,1,1
4/22/2024,Paracetamol 500mg,Boston Pharma,Bảo quản ở nhiệt độ phòng,64,32,1,0
4/22/2024,Amoxicillin 250mg,Mekophar,"Bảo quản nơi khô ráo, thoáng mát",80,28,1,0
4/22/2024,Vitamin C 1000mg,Mekophar,Giữ trong tủ lạnh (2-8°C),14,20,1,0
4/22/2024,Ibuprofen 400mg,Mekophar,Bảo quản ở nhiệt độ phòng,57,21,1,1
4/22/2024,Aspirin 81mg,DHG Pharmacy,Tránh ánh nắng trực tiếp,76,31,1,1
4/22/2024,Cefixime 200mg,Traphaco,Bảo quản ở nhiệt độ phòng,95,34,1,0
4/22/2024,Loratadine 10mg,OPC Pharma,Bảo quản ở nhiệt độ phòng,114,25,1,0
4/22/2024,Omeprazole 20mg,Mekophar,Bảo quản ở nhiệt độ phòng,78,31,1,1
4/23/2024,Paracetamol 500mg,Boston Pharma,Để xa tầm tay trẻ em,20,25,1,0
4/23/2024,Amoxicillin 250mg,DHG Pharmacy,"Bảo quản nơi khô ráo, thoáng mát",77,30,1,1
4/23/2024,Vitamin C 1000mg,Imexpharm,Giữ trong tủ lạnh (2-8°C),48,31,1,0
4/23/2024,Ibuprofen 400mg,Boston Pharma,Bảo quản ở nhiệt độ phòng,82,25,1,1
4/23/2024,Aspirin 81mg,DHG Pharmacy,Bảo quản ở nhiệt độ phòng,110,32,1,1
4/23/2024,Cefixime 200mg,Imexpharm,Tránh ánh nắng trực tiếp,55,33,1,0
4/23/2024,Loratadine 10mg,Stella Pharma,"Bảo quản nơi khô ráo, thoáng mát",56,33,1,0
4/23/2024,Omeprazole 20mg,Stella Pharma,Tránh ánh nắng trực tiếp,107,34,1,0
4/24/2024,Paracetamol 500mg,Stella Pharma,"Bảo quản nơi khô ráo, thoáng mát",44,21,1,0
4/24/2024,Amoxicillin 250mg,Traphaco,Bảo quản ở nhiệt độ phòng,45,31,1,1
4/24/2024,Vitamin C 1000mg,DHG Pharmacy,"Bảo quản nơi khô ráo, thoáng mát",84,29,1,1
4/24/2024,Ibuprofen 400mg,OPC Pharma,Để xa tầm tay trẻ em,91,20,1,0
4/24/2024,Aspirin 81mg,Boston Pharma,Tránh ánh nắng trực tiếp,46,20,1,1
4/24/2024,Cefixime 200mg,Traphaco,Giữ trong tủ lạnh (2-8°C),39,33,1,0
4/24/2024,Loratadine 10mg,DHG Pharmacy,Tránh ánh nắng trực tiếp,51,29,1,0
4/24/2024,Omeprazole 20mg,Mekophar,Bảo quản ở nhiệt độ phòng,23,24,1,1
4/25/2024,Paracetamol 500mg,Mekophar,"Bảo quản nơi khô ráo, thoáng mát",78,20,1,1
4/25/2024,Amoxicillin 250mg,OPC Pharma,Bảo quản ở nhiệt độ phòng,54,24,1,1
4/25/2024,Vitamin C 1000mg,Imexpharm,Bảo quản ở nhiệt độ phòng,113,27,1,1
4/25/2024,Ibuprofen 400mg,OPC Pharma,Để xa tầm tay trẻ em,98,27,1,1
4/25/2024,Aspirin 81mg,Imexpharm,Giữ trong tủ lạnh (2-8°C),13,26,1,0
4/25/2024,Cefixime 200mg,OPC Pharma,"Bảo quản nơi khô ráo, thoáng mát",10,33,1,0
4/25/2024,Loratadine 10mg,OPC Pharma,Để xa tầm tay trẻ em,69,33,1,0
4/25/2024,Omeprazole 20mg,OPC Pharma,Giữ trong tủ lạnh (2-8°C),81,28,1,1
4/26/2024,Paracetamol 500mg,Boston Pharma,Tránh ánh nắng trực tiếp,57,22,1,0
4/26/2024,Amoxicillin 250mg,Mekophar,Giữ trong tủ lạnh (2-8°C),89,29,1,0
4/26/2024,Vitamin C 1000mg,Stella Pharma,Tránh ánh nắng trực tiếp,49,32,1,0
4/26/2024,Ibuprofen 400mg,Imexpharm,Bảo quản ở nhiệt độ phòng,97,21,1,1
4/26/2024,Aspirin 81mg,DHG Pharmacy,"Bảo quản nơi khô ráo, thoáng mát",18,23,1,1
4/26/2024,Cefixime 200mg,Imexpharm,Để xa tầm tay trẻ em,74,23,1,0
4/26/2024,Loratadine 10mg,Stella Pharma,"Bảo quản nơi khô ráo, thoáng mát",90,24,1,1
4/26/2024,Omeprazole 20mg,Stella Pharma,Bảo quản ở nhiệt độ phòng,10,35,1,0
4/27/2024,Paracetamol 500mg,Stella Pharma,Bảo quản ở nhiệt độ phòng,105,27,1,1
4/27/2024,Amoxicillin 250mg,Imexpharm,"Bảo quản nơi khô ráo, thoáng mát",88,30,1,1
4/27/2024,Vitamin C 1000mg,DHG Pharmacy,Bảo quản ở nhiệt độ phòng,59,30,1,0
4/27/2024,Ibuprofen 400mg,Mekophar,Để xa tầm tay trẻ em,27,20,1,1
4/27/2024,Aspirin 81mg,Traphaco,Bảo quản ở nhiệt độ phòng,40,29,1,0
4/27/2024,Cefixime 200mg,Imexpharm,Giữ trong tủ lạnh (2-8°C),15,24,1,1
4/27/2024,Loratadine 10mg,Imexpharm,Tránh ánh nắng trực tiếp,34,35,1,1
4/27/2024,Omeprazole 20mg,Stella Pharma,Để xa tầm tay trẻ em,98,25,1,1
4/28/2024,Paracetamol 500mg,DHG Pharmacy,"Bảo quản nơi khô ráo, thoáng mát",101,32,1,0
4/28/2024,Amoxicillin 250mg,Stella Pharma,Tránh ánh nắng trực tiếp,68,23,1,1
4/28/2024,Vitamin C 1000mg,DHG Pharmacy,Giữ trong tủ lạnh (2-8°C),52,27,1,1
4/28/2024,Ibuprofen 400mg,Boston Pharma,Giữ trong tủ lạnh (2-8°C),81,25,1,0
4/28/2024,Aspirin 81mg,Imexpharm,Tránh ánh nắng trực tiếp,60,25,1,1
4/28/2024,Cefixime 200mg,Traphaco,Bảo quản ở nhiệt độ phòng,98,20,1,1
4/28/2024,Loratadine 10mg,Boston Pharma,Bảo quản ở nhiệt độ phòng,20,20,1,1
4/28/2024,Omeprazole 20mg,Boston Pharma,Giữ trong tủ lạnh (2-8°C),28,24,1,0
4/29/2024,Paracetamol 500mg,Stella Pharma,Bảo quản ở nhiệt độ phòng,114,21,1,1
4/29/2024,Amoxicillin 250mg,Mekophar,Tránh ánh nắng trực tiếp,19,25,1,1
4/29/2024,Vitamin C 1000mg,Stella Pharma,"Bảo quản nơi khô ráo, thoáng mát",103,32,1,1
4/29/2024,Ibuprofen 400mg,OPC Pharma,Bảo quản ở nhiệt độ phòng,18,34,1,0
4/29/2024,Aspirin 81mg,OPC Pharma,Để xa tầm tay trẻ em,85,32,1,1
4/29/2024,Cefixime 200mg,Mekophar,"Bảo quản nơi khô ráo, thoáng mát",82,34,1,0
4/29/2024,Loratadine 10mg,Imexpharm,Tránh ánh nắng trực tiếp,57,28,1,1
4/29/2024,Omeprazole 20mg,OPC Pharma,"Bảo quản nơi khô ráo, thoáng mát",50,26,1,0
4/30/2024,Paracetamol 500mg,Imexpharm,"Bảo quản nơi khô ráo, thoáng mát",115,34,0,1
4/30/2024,Amoxicillin 250mg,Mekophar,"Bảo quản nơi khô ráo, thoáng mát",24,30,0,1
4/30/2024,Vitamin C 1000mg,Mekophar,Để xa tầm tay trẻ em,69,23,0,1
4/30/2024,Ibuprofen 400mg,Mekophar,Tránh ánh nắng trực tiếp,29,29,0,0
4/30/2024,Aspirin 81mg,DHG Pharmacy,Bảo quản ở nhiệt độ phòng,41,35,0,0
4/30/2024,Cefixime 200mg,Stella Pharma,Tránh ánh nắng trực tiếp,106,27,0,0
4/30/2024,Loratadine 10mg,Boston Pharma,Bảo quản ở nhiệt độ phòng,76,29,0,0
4/30/2024,Omeprazole 20mg,Stella Pharma,Tránh ánh nắng trực tiếp,70,27,0,0
5/1/2024,Paracetamol 500mg,Mekophar,Để xa tầm tay trẻ em,38,21,0,1
5/1/2024,Amoxicillin 250mg,Stella Pharma,Bảo quản ở nhiệt độ phòng,32,35,0,0
5/1/2024,Vitamin C 1000mg,Stella Pharma,Để xa tầm tay trẻ em,102,28,0,0
5/1/2024,Ibuprofen 400mg,Boston Pharma,Để xa tầm tay trẻ em,10,23,0,1
5/1/2024,Aspirin 81mg,Imexpharm,Tránh ánh nắng trực tiếp,37,26,0,1
5/1/2024,Cefixime 200mg,OPC Pharma,Để xa tầm tay trẻ em,35,23,0,0
5/1/2024,Loratadine 10mg,Boston Pharma,Tránh ánh nắng trực tiếp,38,35,0,1
5/1/2024,Omeprazole 20mg,Boston Pharma,Tránh ánh nắng trực tiếp,100,29,0,1
5/2/2024,Paracetamol 500mg,Stella Pharma,"Bảo quản nơi khô ráo, thoáng mát",54,23,0,1
5/2/2024,Amoxicillin 250mg,Stella Pharma,Bảo quản ở nhiệt độ phòng,33,34,0,1
5/2/2024,Vitamin C 1000mg,Imexpharm,Bảo quản ở nhiệt độ phòng,63,28,0,1
5/2/2024,Ibuprofen 400mg,Imexpharm,Bảo quản ở nhiệt độ phòng,24,27,0,1
5/2/2024,Aspirin 81mg,Imexpharm,Bảo quản ở nhiệt độ phòng,98,27,0,0
5/2/2024,Cefixime 200mg,Imexpharm,"Bảo quản nơi khô ráo, thoáng mát",104,27,0,1
5/2/2024,Loratadine 10mg,Mekophar,Bảo quản ở nhiệt độ phòng,112,35,0,0
5/2/2024,Omeprazole 20mg,OPC Pharma,"Bảo quản nơi khô ráo, thoáng mát",91,25,0,1
5/3/2024,Paracetamol 500mg,Stella Pharma,Bảo quản ở nhiệt độ phòng,41,21,0,1
5/3/2024,Amoxicillin 250mg,Mekophar,Giữ trong tủ lạnh (2-8°C),30,26,0,0
5/3/2024,Vitamin C 1000mg,OPC Pharma,"Bảo quản nơi khô ráo, thoáng mát",104,34,0,0
5/3/2024,Ibuprofen 400mg,DHG Pharmacy,Tránh ánh nắng trực tiếp,107,27,0,0
5/3/2024,Aspirin 81mg,Mekophar,Bảo quản ở nhiệt độ phòng,38,33,0,1
5/3/2024,Cefixime 200mg,Imexpharm,Tránh ánh nắng trực tiếp,19,30,0,0
5/3/2024,Loratadine 10mg,Stella Pharma,Tránh ánh nắng trực tiếp,81,25,0,0
5/3/2024,Omeprazole 20mg,Mekophar,Để xa tầm tay trẻ em,22,21,0,0
5/4/2024,Paracetamol 500mg,Boston Pharma,"Bảo quản nơi khô ráo, thoáng mát",70,29,0,0
5/4/2024,Amoxicillin 250mg,Traphaco,"Bảo quản nơi khô ráo, thoáng mát",17,30,0,0
5/4/2024,Vitamin C 1000mg,DHG Pharmacy,Giữ trong tủ lạnh (2-8°C),103,28,0,0
5/4/2024,Ibuprofen 400mg,Mekophar,"Bảo quản nơi khô ráo, thoáng mát",96,33,0,0
5/4/2024,Aspirin 81mg,Imexpharm,Giữ trong tủ lạnh (2-8°C),25,28,0,0
5/4/2024,Cefixime 200mg,OPC Pharma,Giữ trong tủ lạnh (2-8°C),63,28,0,1
5/4/2024,Loratadine 10mg,Imexpharm,Để xa tầm tay trẻ em,119,31,0,1
5/4/2024,Omeprazole 20mg,Imexpharm,Tránh ánh nắng trực tiếp,77,26,0,0
5/5/2024,Paracetamol 500mg,Mekophar,Để xa tầm tay trẻ em,44,33,0,0
5/5/2024,Amoxicillin 250mg,Stella Pharma,Bảo quản ở nhiệt độ phòng,14,32,0,1
5/5/2024,Vitamin C 1000mg,Traphaco,Để xa tầm tay trẻ em,73,34,0,1
5/5/2024,Ibuprofen 400mg,DHG Pharmacy,Bảo quản ở nhiệt độ phòng,46,30,0,1
5/5/2024,Aspirin 81mg,DHG Pharmacy,Tránh ánh nắng trực tiếp,50,31,0,1
5/5/2024,Cefixime 200mg,DHG Pharmacy,Giữ trong tủ lạnh (2-8°C),60,30,0,1
5/5/2024,Loratadine 10mg,Imexpharm,"Bảo quản nơi khô ráo, thoáng mát",52,20,0,1
5/5/2024,Omeprazole 20mg,DHG Pharmacy,Tránh ánh nắng trực tiếp,98,28,0,0
5/6/2024,Paracetamol 500mg,Stella Pharma,"Bảo quản nơi khô ráo, thoáng mát",90,32,0,1
5/6/2024,Amoxicillin 250mg,Boston Pharma,Bảo quản ở nhiệt độ phòng,102,21,0,1
5/6/2024,Vitamin C 1000mg,Imexpharm,Tránh ánh nắng trực tiếp,25,21,0,1
5/6/2024,Ibuprofen 400mg,Mekophar,Tránh ánh nắng trực tiếp,57,35,0,0
5/6/2024,Aspirin 81mg,Imexpharm,Bảo quản ở nhiệt độ phòng,85,33,0,1
5/6/2024,Cefixime 200mg,Stella Pharma,Tránh ánh nắng trực tiếp,27,20,0,1
5/6/2024,Loratadine 10mg,Boston Pharma,Tránh ánh nắng trực tiếp,100,30,0,1
5/6/2024,Omeprazole 20mg,Imexpharm,"Bảo quản nơi khô ráo, thoáng mát",30,30,0,1
5/7/2024,Paracetamol 500mg,OPC Pharma,Để xa tầm tay trẻ em,75,35,0,1
5/7/2024,Amoxicillin 250mg,Traphaco,Giữ trong tủ lạnh (2-8°C),48,30,0,0
5/7/2024,Vitamin C 1000mg,Traphaco,Tránh ánh nắng trực tiếp,88,26,0,0
5/7/2024,Ibuprofen 400mg,Imexpharm,Giữ trong tủ lạnh (2-8°C),23,24,0,0
5/7/2024,Aspirin 81mg,OPC Pharma,Bảo quản ở nhiệt độ phòng,26,23,0,0
5/7/2024,Cefixime 200mg,Stella Pharma,"Bảo quản nơi khô ráo, thoáng mát",19,31,0,1
5/7/2024,Loratadine 10mg,Stella Pharma,Tránh ánh nắng trực tiếp,16,34,0,1
5/7/2024,Omeprazole 20mg,Stella Pharma,"Bảo quản nơi khô ráo, thoáng mát",65,22,0,1
5/8/2024,Paracetamol 500mg,Traphaco,Để xa tầm tay trẻ em,99,25,0,0
5/8/2024,Amoxicillin 250mg,Stella Pharma,"Bảo quản nơi khô ráo, thoáng mát",107,29,0,0
5/8/2024,Vitamin C 1000mg,Boston Pharma,Tránh ánh nắng trực tiếp,81,20,0,0
5/8/2024,Ibuprofen 400mg,DHG Pharmacy,Bảo quản ở nhiệt độ phòng,49,29,0,0
5/8/2024,Aspirin 81mg,DHG Pharmacy,Để xa tầm tay trẻ em,13,33,0,1
5/8/2024,Cefixime 200mg,Boston Pharma,Để xa tầm tay trẻ em,26,28,0,0
5/8/2024,Loratadine 10mg,Traphaco,Tránh ánh nắng trực tiếp,10,25,0,0
5/8/2024,Omeprazole 20mg,DHG Pharmacy,Bảo quản ở nhiệt độ phòng,39,25,0,1
5/9/2024,Paracetamol 500mg,Boston Pharma,Bảo quản ở nhiệt độ phòng,53,31,0,0
5/9/2024,Amoxicillin 250mg,Stella Pharma,Bảo quản ở nhiệt độ phòng,17,31,0,1
5/9/2024,Vitamin C 1000mg,DHG Pharmacy,"Bảo quản nơi khô ráo, thoáng mát",85,24,0,0
5/9/2024,Ibuprofen 400mg,DHG Pharmacy,Bảo quản ở nhiệt độ phòng,29,28,0,0
5/9/2024,Aspirin 81mg,OPC Pharma,Tránh ánh nắng trực tiếp,103,28,0,0
5/9/2024,Cefixime 200mg,DHG Pharmacy,Bảo quản ở nhiệt độ phòng,56,29,0,1
5/9/2024,Loratadine 10mg,OPC Pharma,Bảo quản ở nhiệt độ phòng,84,34,0,0
5/9/2024,Omeprazole 20mg,Mekophar,Giữ trong tủ lạnh (2-8°C),73,24,0,0
5/10/2024,Paracetamol 500mg,DHG Pharmacy,Giữ trong tủ lạnh (2-8°C),24,22,0,0
5/10/2024,Amoxicillin 250mg,Boston Pharma,Để xa tầm tay trẻ em,80,23,0,1
5/10/2024,Vitamin C 1000mg,DHG Pharmacy,Tránh ánh nắng trực tiếp,59,21,0,1
5/10/2024,Ibuprofen 400mg,Imexpharm,Bảo quản ở nhiệt độ phòng,52,25,0,1
5/10/2024,Aspirin 81mg,OPC Pharma,Để xa tầm tay trẻ em,77,23,0,0
5/10/2024,Cefixime 200mg,DHG Pharmacy,"Bảo quản nơi khô ráo, thoáng mát",50,31,0,1
5/10/2024,Loratadine 10mg,Boston Pharma,Giữ trong tủ lạnh (2-8°C),35,27,0,1
5/10/2024,Omeprazole 20mg,DHG Pharmacy,"Bảo quản nơi khô ráo, thoáng mát",53,27,0,0
5/11/2024,Paracetamol 500mg,Mekophar,Để xa tầm tay trẻ em,85,20,0,1
5/11/2024,Amoxicillin 250mg,Boston Pharma,Giữ trong tủ lạnh (2-8°C),92,27,0,1
5/11/2024,Vitamin C 1000mg,OPC Pharma,Giữ trong tủ lạnh (2-8°C),110,30,0,1
5/11/2024,Ibuprofen 400mg,Boston Pharma,"Bảo quản nơi khô ráo, thoáng mát",107,35,0,1
5/11/2024,Aspirin 81mg,Stella Pharma,Tránh ánh nắng trực tiếp,104,30,0,1
5/11/2024,Cefixime 200mg,Stella Pharma,"Bảo quản nơi khô ráo, thoáng mát",91,26,0,1
5/11/2024,Loratadine 10mg,Stella Pharma,Để xa tầm tay trẻ em,11,33,0,0
5/11/2024,Omeprazole 20mg,Mekophar,Tránh ánh nắng trực tiếp,97,24,0,1
5/12/2024,Paracetamol 500mg,Boston Pharma,"Bảo quản nơi khô ráo, thoáng mát",17,27,0,1
5/12/2024,Amoxicillin 250mg,Boston Pharma,Để xa tầm tay trẻ em,110,35,0,1
5/12/2024,Vitamin C 1000mg,OPC Pharma,Để xa tầm tay trẻ em,30,22,0,1
5/12/2024,Ibuprofen 400mg,Traphaco,Bảo quản ở nhiệt độ phòng,71,31,0,0
5/12/2024,Aspirin 81mg,Imexpharm,"Bảo quản nơi khô ráo, thoáng mát",68,35,0,1
5/12/2024,Cefixime 200mg,Imexpharm,"Bảo quản nơi khô ráo, thoáng mát",18,28,0,1
5/12/2024,Loratadine 10mg,Boston Pharma,Giữ trong tủ lạnh (2-8°C),81,26,0,1
5/12/2024,Omeprazole 20mg,Traphaco,"Bảo quản nơi khô ráo, thoáng mát",71,24,0,0
5/13/2024,Paracetamol 500mg,DHG Pharmacy,Giữ trong tủ lạnh (2-8°C),51,21,0,0
5/13/2024,Amoxicillin 250mg,Traphaco,Tránh ánh nắng trực tiếp,32,22,0,1
5/13/2024,Vitamin C 1000mg,Boston Pharma,Giữ trong tủ lạnh (2-8°C),102,31,0,0
5/13/2024,Ibuprofen 400mg,Traphaco,Để xa tầm tay trẻ em,14,24,0,0
5/13/2024,Aspirin 81mg,Traphaco,Giữ trong tủ lạnh (2-8°C),42,35,0,1
5/13/2024,Cefixime 200mg,Stella Pharma,Giữ trong tủ lạnh (2-8°C),17,22,0,1
5/13/2024,Loratadine 10mg,DHG Pharmacy,"Bảo quản nơi khô ráo, thoáng mát",97,27,0,1
5/13/2024,Omeprazole 20mg,Traphaco,Bảo quản ở nhiệt độ phòng,24,20,0,1
5/14/2024,Paracetamol 500mg,Traphaco,Giữ trong tủ lạnh (2-8°C),60,20,0,0
5/14/2024,Amoxicillin 250mg,Traphaco,"Bảo quản nơi khô ráo, thoáng mát",75,32,0,1
5/14/2024,Vitamin C 1000mg,Traphaco,Bảo quản ở nhiệt độ phòng,115,20,0,0
5/14/2024,Ibuprofen 400mg,Boston Pharma,"Bảo quản nơi khô ráo, thoáng mát",116,23,0,0
5/14/2024,Aspirin 81mg,Traphaco,Bảo quản ở nhiệt độ phòng,40,31,0,0
5/14/2024,Cefixime 200mg,Boston Pharma,Tránh ánh nắng trực tiếp,103,23,0,1
5/14/2024,Loratadine 10mg,OPC Pharma,"Bảo quản nơi khô ráo, thoáng mát",100,28,0,0
5/14/2024,Omeprazole 20mg,OPC Pharma,Để xa tầm tay trẻ em,24,24,0,1
5/15/2024,Paracetamol 500mg,Boston Pharma,"Bảo quản nơi khô ráo, thoáng mát",46,25,0,0
5/15/2024,Amoxicillin 250mg,DHG Pharmacy,"Bảo quản nơi khô ráo, thoáng mát",117,20,0,0
5/15/2024,Vitamin C 1000mg,Stella Pharma,Để xa tầm tay trẻ em,42,28,0,1
5/15/2024,Ibuprofen 400mg,Traphaco,Giữ trong tủ lạnh (2-8°C),26,25,0,0
5/15/2024,Aspirin 81mg,DHG Pharmacy,Tránh ánh nắng trực tiếp,42,23,0,1
5/15/2024,Cefixime 200mg,OPC Pharma,Để xa tầm tay trẻ em,12,32,0,1
5/15/2024,Loratadine 10mg,Boston Pharma,Để xa tầm tay trẻ em,96,35,0,1
5/15/2024,Omeprazole 20mg,OPC Pharma,Giữ trong tủ lạnh (2-8°C),105,32,0,1
5/16/2024,Paracetamol 500mg,Stella Pharma,Giữ trong tủ lạnh (2-8°C),112,35,0,0
5/16/2024,Amoxicillin 250mg,Traphaco,"Bảo quản nơi khô ráo, thoáng mát",69,22,0,0
5/16/2024,Vitamin C 1000mg,Stella Pharma,Tránh ánh nắng trực tiếp,60,20,0,0
5/16/2024,Ibuprofen 400mg,Boston Pharma,"Bảo quản nơi khô ráo, thoáng mát",106,29,0,0
5/16/2024,Aspirin 81mg,Stella Pharma,Để xa tầm tay trẻ em,44,28,0,1
5/16/2024,Cefixime 200mg,Imexpharm,Để xa tầm tay trẻ em,55,31,0,0
5/16/2024,Loratadine 10mg,DHG Pharmacy,Bảo quản ở nhiệt độ phòng,83,31,0,0
5/16/2024,Omeprazole 20mg,Boston Pharma,"Bảo quản nơi khô ráo, thoáng mát",113,30,0,1
5/17/2024,Paracetamol 500mg,Imexpharm,"Bảo quản nơi khô ráo, thoáng mát",13,32,0,1
5/17/2024,Amoxicillin 250mg,Imexpharm,Tránh ánh nắng trực tiếp,50,35,0,0
5/17/2024,Vitamin C 1000mg,Mekophar,Bảo quản ở nhiệt độ phòng,13,28,0,0
5/17/2024,Ibuprofen 400mg,Stella Pharma,Giữ trong tủ lạnh (2-8°C),15,26,0,0
5/17/2024,Aspirin 81mg,OPC Pharma,"Bảo quản nơi khô ráo, thoáng mát",43,35,0,0
5/17/2024,Cefixime 200mg,Imexpharm,Giữ trong tủ lạnh (2-8°C),93,27,0,1
5/17/2024,Loratadine 10mg,Boston Pharma,Tránh ánh nắng trực tiếp,74,21,0,1
5/17/2024,Omeprazole 20mg,Stella Pharma,"Bảo quản nơi khô ráo, thoáng mát",93,30,0,1
5/18/2024,Paracetamol 500mg,Imexpharm,Tránh ánh nắng trực tiếp,38,26,0,0
5/18/2024,Amoxicillin 250mg,Imexpharm,Giữ trong tủ lạnh (2-8°C),35,27,0,1
5/18/2024,Vitamin C 1000mg,Boston Pharma,Tránh ánh nắng trực tiếp,110,26,0,1
5/18/2024,Ibuprofen 400mg,Stella Pharma,"Bảo quản nơi khô ráo, thoáng mát",53,30,0,1
5/18/2024,Aspirin 81mg,Stella Pharma,Bảo quản ở nhiệt độ phòng,61,27,0,1
5/18/2024,Cefixime 200mg,Boston Pharma,Để xa tầm tay trẻ em,85,27,0,1
5/18/2024,Loratadine 10mg,Imexpharm,Tránh ánh nắng trực tiếp,110,26,0,1
5/18/2024,Omeprazole 20mg,OPC Pharma,Để xa tầm tay trẻ em,96,31,0,0
5/19/2024,Paracetamol 500mg,OPC Pharma,"Bảo quản nơi khô ráo, thoáng mát",109,25,0,0
5/19/2024,Amoxicillin 250mg,DHG Pharmacy,"Bảo quản nơi khô ráo, thoáng mát",73,34,0,1
5/19/2024,Vitamin C 1000mg,Boston Pharma,Bảo quản ở nhiệt độ phòng,43,21,0,1
5/19/2024,Ibuprofen 400mg,OPC Pharma,"Bảo quản nơi khô ráo, thoáng mát",79,31,0,1
5/19/2024,Aspirin 81mg,Traphaco,Để xa tầm tay trẻ em,81,34,0,0
5/19/2024,Cefixime 200mg,Stella Pharma,Để xa tầm tay trẻ em,25,30,0,0
5/19/2024,Loratadine 10mg,Traphaco,Tránh ánh nắng trực tiếp,95,34,0,0
5/19/2024,Omeprazole 20mg,OPC Pharma,"Bảo quản nơi khô ráo, thoáng mát",101,28,0,0
5/20/2024,Paracetamol 500mg,Stella Pharma,"Bảo quản nơi khô ráo, thoáng mát",44,30,0,1
5/20/2024,Amoxicillin 250mg,Stella Pharma,Tránh ánh nắng trực tiếp,48,24,0,0
5/20/2024,Vitamin C 1000mg,Stella Pharma,"Bảo quản nơi khô ráo, thoáng mát",25,27,0,0
5/20/2024,Ibuprofen 400mg,Imexpharm,Giữ trong tủ lạnh (2-8°C),20,26,0,0
5/20/2024,Aspirin 81mg,Boston Pharma,"Bảo quản nơi khô ráo, thoáng mát",56,35,0,0
5/20/2024,Cefixime 200mg,Boston Pharma,Bảo quản ở nhiệt độ phòng,78,33,0,0
5/20/2024,Loratadine 10mg,Traphaco,Bảo quản ở nhiệt độ phòng,91,24,0,0
5/20/2024,Omeprazole 20mg,OPC Pharma,"Bảo quản nơi khô ráo, thoáng mát",16,21,0,0
5/21/2024,Paracetamol 500mg,Imexpharm,Giữ trong tủ lạnh (2-8°C),71,32,0,0
5/21/2024,Amoxicillin 250mg,Imexpharm,"Bảo quản nơi khô ráo, thoáng mát",96,26,0,1
5/21/2024,Vitamin C 1000mg,Traphaco,"Bảo quản nơi khô ráo, thoáng mát",31,30,0,0
5/21/2024,Ibuprofen 400mg,Imexpharm,Bảo quản ở nhiệt độ phòng,19,22,0,1
5/21/2024,Aspirin 81mg,DHG Pharmacy,Để xa tầm tay trẻ em,66,23,0,1
5/21/2024,Cefixime 200mg,Boston Pharma,Bảo quản ở nhiệt độ phòng,80,29,0,1
5/21/2024,Loratadine 10mg,Stella Pharma,"Bảo quản nơi khô ráo, thoáng mát",90,26,0,0
5/21/2024,Omeprazole 20mg,Mekophar,Tránh ánh nắng trực tiếp,18,31,0,1
5/22/2024,Paracetamol 500mg,DHG Pharmacy,Tránh ánh nắng trực tiếp,31,29,0,0
5/22/2024,Amoxicillin 250mg,Stella Pharma,Tránh ánh nắng trực tiếp,79,24,0,1
5/22/2024,Vitamin C 1000mg,DHG Pharmacy,Tránh ánh nắng trực tiếp,75,27,0,0
5/22/2024,Ibuprofen 400mg,Boston Pharma,Giữ trong tủ lạnh (2-8°C),55,25,0,0
5/22/2024,Aspirin 81mg,Boston Pharma,"Bảo quản nơi khô ráo, thoáng mát",103,20,0,0
5/22/2024,Cefixime 200mg,Imexpharm,Bảo quản ở nhiệt độ phòng,53,26,0,0
5/22/2024,Loratadine 10mg,Mekophar,Bảo quản ở nhiệt độ phòng,109,24,0,1
5/22/2024,Omeprazole 20mg,DHG Pharmacy,Bảo quản ở nhiệt độ phòng,91,31,0,1
5/23/2024,Paracetamol 500mg,DHG Pharmacy,"Bảo quản nơi khô ráo, thoáng mát",92,23,0,0
5/23/2024,Amoxicillin 250mg,Boston Pharma,Tránh ánh nắng trực tiếp,35,25,0,0
5/23/2024,Vitamin C 1000mg,DHG Pharmacy,"Bảo quản nơi khô ráo, thoáng mát",108,23,0,0
5/23/2024,Ibuprofen 400mg,Mekophar,Bảo quản ở nhiệt độ phòng,113,35,0,0
5/23/2024,Aspirin 81mg,Mekophar,Giữ trong tủ lạnh (2-8°C),84,34,0,1
5/23/2024,Cefixime 200mg,OPC Pharma,Để xa tầm tay trẻ em,36,29,0,0
5/23/2024,Loratadine 10mg,Imexpharm,Để xa tầm tay trẻ em,111,21,0,1
5/23/2024,Omeprazole 20mg,Imexpharm,Để xa tầm tay trẻ em,57,34,0,0
5/24/2024,Paracetamol 500mg,DHG Pharmacy,Giữ trong tủ lạnh (2-8°C),79,28,0,1
5/24/2024,Amoxicillin 250mg,Mekophar,Để xa tầm tay trẻ em,95,33,0,1
5/24/2024,Vitamin C 1000mg,Boston Pharma,Tránh ánh nắng trực tiếp,77,28,0,0
5/24/2024,Ibuprofen 400mg,Stella Pharma,Tránh ánh nắng trực tiếp,66,29,0,0
5/24/2024,Aspirin 81mg,Traphaco,Tránh ánh nắng trực tiếp,71,21,0,0
5/24/2024,Cefixime 200mg,Stella Pharma,Tránh ánh nắng trực tiếp,71,34,0,0
5/24/2024,Loratadine 10mg,Boston Pharma,Để xa tầm tay trẻ em,99,23,0,1
5/24/2024,Omeprazole 20mg,Traphaco,Để xa tầm tay trẻ em,14,35,0,1
5/25/2024,Paracetamol 500mg,Traphaco,"Bảo quản nơi khô ráo, thoáng mát",40,31,0,0
5/25/2024,Amoxicillin 250mg,Stella Pharma,Để xa tầm tay trẻ em,69,23,0,1
5/25/2024,Vitamin C 1000mg,Imexpharm,Tránh ánh nắng trực tiếp,58,22,0,0
5/25/2024,Ibuprofen 400mg,DHG Pharmacy,Để xa tầm tay trẻ em,60,24,0,0
5/25/2024,Aspirin 81mg,DHG Pharmacy,Giữ trong tủ lạnh (2-8°C),49,28,0,1
5/25/2024,Cefixime 200mg,DHG Pharmacy,"Bảo quản nơi khô ráo, thoáng mát",113,32,0,1
5/25/2024,Loratadine 10mg,Mekophar,Để xa tầm tay trẻ em,22,26,0,0
5/25/2024,Omeprazole 20mg,Boston Pharma,"Bảo quản nơi khô ráo, thoáng mát",44,28,0,0
5/26/2024,Paracetamol 500mg,Mekophar,Giữ trong tủ lạnh (2-8°C),10,22,0,1
5/26/2024,Amoxicillin 250mg,Traphaco,Bảo quản ở nhiệt độ phòng,63,25,0,0
5/26/2024,Vitamin C 1000mg,Mekophar,Bảo quản ở nhiệt độ phòng,57,21,0,1
5/26/2024,Ibuprofen 400mg,Traphaco,Để xa tầm tay trẻ em,111,28,0,1
5/26/2024,Aspirin 81mg,Imexpharm,"Bảo quản nơi khô ráo, thoáng mát",116,23,0,0
5/26/2024,Cefixime 200mg,Imexpharm,Giữ trong tủ lạnh (2-8°C),17,34,0,0
5/26/2024,Loratadine 10mg,Boston Pharma,Tránh ánh nắng trực tiếp,94,24,0,1
5/26/2024,Omeprazole 20mg,Boston Pharma,Tránh ánh nắng trực tiếp,23,31,0,0
5/27/2024,Paracetamol 500mg,Imexpharm,Tránh ánh nắng trực tiếp,12,27,0,1
5/27/2024,Amoxicillin 250mg,Mekophar,"Bảo quản nơi khô ráo, thoáng mát",59,20,0,1
5/27/2024,Vitamin C 1000mg,Boston Pharma,Tránh ánh nắng trực tiếp,33,35,0,1
5/27/2024,Ibuprofen 400mg,Boston Pharma,Tránh ánh nắng trực tiếp,65,20,0,0
5/27/2024,Aspirin 81mg,DHG Pharmacy,Bảo quản ở nhiệt độ phòng,33,24,0,1
5/27/2024,Cefixime 200mg,DHG Pharmacy,Bảo quản ở nhiệt độ phòng,38,21,0,1
5/27/2024,Loratadine 10mg,Traphaco,Giữ trong tủ lạnh (2-8°C),111,34,0,1
5/27/2024,Omeprazole 20mg,Boston Pharma,Bảo quản ở nhiệt độ phòng,44,23,0,1
5/28/2024,Paracetamol 500mg,Boston Pharma,"Bảo quản nơi khô ráo, thoáng mát",107,34,0,1
5/28/2024,Amoxicillin 250mg,OPC Pharma,Để xa tầm tay trẻ em,22,34,0,0
5/28/2024,Vitamin C 1000mg,DHG Pharmacy,Giữ trong tủ lạnh (2-8°C),39,35,0,1
5/28/2024,Ibuprofen 400mg,Traphaco,Giữ trong tủ lạnh (2-8°C),87,20,0,1
5/28/2024,Aspirin 81mg,Imexpharm,Để xa tầm tay trẻ em,35,28,0,1
5/28/2024,Cefixime 200mg,DHG Pharmacy,"Bảo quản nơi khô ráo, thoáng mát",110,31,0,1
5/28/2024,Loratadine 10mg,OPC Pharma,Tránh ánh nắng trực tiếp,98,21,0,1
5/28/2024,Omeprazole 20mg,Traphaco,Để xa tầm tay trẻ em,90,27,0,0
5/29/2024,Paracetamol 500mg,DHG Pharmacy,Giữ trong tủ lạnh (2-8°C),118,23,0,0
5/29/2024,Amoxicillin 250mg,Mekophar,Để xa tầm tay trẻ em,89,26,0,0
5/29/2024,Vitamin C 1000mg,Mekophar,"Bảo quản nơi khô ráo, thoáng mát",106,29,0,1
5/29/2024,Ibuprofen 400mg,Stella Pharma,"Bảo quản nơi khô ráo, thoáng mát",75,31,0,0
5/29/2024,Aspirin 81mg,Boston Pharma,Giữ trong tủ lạnh (2-8°C),80,29,0,0
5/29/2024,Cefixime 200mg,OPC Pharma,Giữ trong tủ lạnh (2-8°C),85,28,0,1
5/29/2024,Loratadine 10mg,Traphaco,"Bảo quản nơi khô ráo, thoáng mát",100,35,0,1
5/29/2024,Omeprazole 20mg,OPC Pharma,Giữ trong tủ lạnh (2-8°C),58,31,0,1
5/30/2024,Paracetamol 500mg,DHG Pharmacy,"Bảo quản nơi khô ráo, thoáng mát",75,24,0,0
5/30/2024,Amoxicillin 250mg,Stella Pharma,Tránh ánh nắng trực tiếp,103,21,0,0
5/30/2024,Vitamin C 1000mg,Traphaco,Giữ trong tủ lạnh (2-8°C),81,20,0,1
5/30/2024,Ibuprofen 400mg,OPC Pharma,Giữ trong tủ lạnh (2-8°C),90,31,0,0
5/30/2024,Aspirin 81mg,Boston Pharma,Tránh ánh nắng trực tiếp,105,21,0,0
5/30/2024,Cefixime 200mg,Imexpharm,Bảo quản ở nhiệt độ phòng,117,29,0,1
5/30/2024,Loratadine 10mg,DHG Pharmacy,"Bảo quản nơi khô ráo, thoáng mát",17,29,0,0
5/30/2024,Omeprazole 20mg,Traphaco,Bảo quản ở nhiệt độ phòng,71,34,0,0
5/31/2024,Paracetamol 500mg,DHG Pharmacy,Để xa tầm tay trẻ em,11,31,0,0
5/31/2024,Amoxicillin 250mg,DHG Pharmacy,Để xa tầm tay trẻ em,87,32,0,0
5/31/2024,Vitamin C 1000mg,Stella Pharma,Giữ trong tủ lạnh (2-8°C),20,32,0,0
5/31/2024,Ibuprofen 400mg,Traphaco,Để xa tầm tay trẻ em,21,24,0,0
5/31/2024,Aspirin 81mg,Imexpharm,Bảo quản ở nhiệt độ phòng,26,31,0,0
5/31/2024,Cefixime 200mg,DHG Pharmacy,Bảo quản ở nhiệt độ phòng,99,33,0,1
5/31/2024,Loratadine 10mg,Stella Pharma,Để xa tầm tay trẻ em,56,26,0,1
5/31/2024,Omeprazole 20mg,Imexpharm,Giữ trong tủ lạnh (2-8°C),82,31,0,1
6/1/2024,Paracetamol 500mg,OPC Pharma,Bảo quản ở nhiệt độ phòng,56,21,0,0
6/1/2024,Amoxicillin 250mg,Mekophar,"Bảo quản nơi khô ráo, thoáng mát",17,26,0,1
6/1/2024,Vitamin C 1000mg,OPC Pharma,Giữ trong tủ lạnh (2-8°C),48,32,0,1
6/1/2024,Ibuprofen 400mg,Mekophar,Giữ trong tủ lạnh (2-8°C),62,28,0,0
6/1/2024,Aspirin 81mg,Mekophar,Giữ trong tủ lạnh (2-8°C),39,27,0,0
6/1/2024,Cefixime 200mg,Stella Pharma,Bảo quản ở nhiệt độ phòng,73,32,0,0
6/1/2024,Loratadine 10mg,DHG Pharmacy,"Bảo quản nơi khô ráo, thoáng mát",109,27,0,0
6/1/2024,Omeprazole 20mg,Mekophar,"Bảo quản nơi khô ráo, thoáng mát",19,26,0,0
6/2/2024,Paracetamol 500mg,Boston Pharma,Để xa tầm tay trẻ em,63,34,0,0
6/2/2024,Amoxicillin 250mg,Boston Pharma,Giữ trong tủ lạnh (2-8°C),22,31,0,1
6/2/2024,Vitamin C 1000mg,DHG Pharmacy,Giữ trong tủ lạnh (2-8°C),120,21,0,1
6/2/2024,Ibuprofen 400mg,DHG Pharmacy,Giữ trong tủ lạnh (2-8°C),59,31,0,1
6/2/2024,Aspirin 81mg,DHG Pharmacy,Để xa tầm tay trẻ em,30,34,0,1
6/2/2024,Cefixime 200mg,Stella Pharma,Để xa tầm tay trẻ em,24,34,0,1
6/2/2024,Loratadine 10mg,DHG Pharmacy,Bảo quản ở nhiệt độ phòng,116,35,0,0
6/2/2024,Omeprazole 20mg,Boston Pharma,Giữ trong tủ lạnh (2-8°C),68,26,0,1
6/3/2024,Paracetamol 500mg,DHG Pharmacy,Tránh ánh nắng trực tiếp,36,33,0,1
6/3/2024,Amoxicillin 250mg,Boston Pharma,Bảo quản ở nhiệt độ phòng,63,21,0,0
6/3/2024,Vitamin C 1000mg,Mekophar,Tránh ánh nắng trực tiếp,60,31,0,1
6/3/2024,Ibuprofen 400mg,DHG Pharmacy,Bảo quản ở nhiệt độ phòng,78,22,0,1
6/3/2024,Aspirin 81mg,DHG Pharmacy,Tránh ánh nắng trực tiếp,82,34,0,0
6/3/2024,Cefixime 200mg,Imexpharm,Tránh ánh nắng trực tiếp,89,24,0,1
6/3/2024,Loratadine 10mg,OPC Pharma,"Bảo quản nơi khô ráo, thoáng mát",88,34,0,1
6/3/2024,Omeprazole 20mg,OPC Pharma,"Bảo quản nơi khô ráo, thoáng mát",108,29,0,1
6/4/2024,Paracetamol 500mg,Traphaco,Bảo quản ở nhiệt độ phòng,68,31,0,0
6/4/2024,Amoxicillin 250mg,Imexpharm,Để xa tầm tay trẻ em,24,35,0,0
6/4/2024,Vitamin C 1000mg,Traphaco,"Bảo quản nơi khô ráo, thoáng mát",11,25,0,1
6/4/2024,Ibuprofen 400mg,DHG Pharmacy,Tránh ánh nắng trực tiếp,114,21,0,0
6/4/2024,Aspirin 81mg,Boston Pharma,Giữ trong tủ lạnh (2-8°C),12,23,0,0
6/4/2024,Cefixime 200mg,Imexpharm,"Bảo quản nơi khô ráo, thoáng mát",42,30,0,1
6/4/2024,Loratadine 10mg,Stella Pharma,Bảo quản ở nhiệt độ phòng,17,28,0,1
6/4/2024,Omeprazole 20mg,Traphaco,Để xa tầm tay trẻ em,92,35,0,0
6/5/2024,Paracetamol 500mg,Stella Pharma,Giữ trong tủ lạnh (2-8°C),100,32,0,1
6/5/2024,Amoxicillin 250mg,OPC Pharma,Để xa tầm tay trẻ em,86,30,0,0
6/5/2024,Vitamin C 1000mg,Mekophar,"Bảo quản nơi khô ráo, thoáng mát",111,33,0,1
6/5/2024,Ibuprofen 400mg,Mekophar,Giữ trong tủ lạnh (2-8°C),99,23,0,0
6/5/2024,Aspirin 81mg,Boston Pharma,Để xa tầm tay trẻ em,75,35,0,0
6/5/2024,Cefixime 200mg,Imexpharm,Tránh ánh nắng trực tiếp,79,28,0,0
6/5/2024,Loratadine 10mg,OPC Pharma,Tránh ánh nắng trực tiếp,36,23,0,1
6/5/2024,Omeprazole 20mg,Imexpharm,Giữ trong tủ lạnh (2-8°C),51,26,0,1
6/6/2024,Paracetamol 500mg,Imexpharm,Giữ trong tủ lạnh (2-8°C),60,26,0,1
6/6/2024,Amoxicillin 250mg,Boston Pharma,"Bảo quản nơi khô ráo, thoáng mát",25,34,0,0
6/6/2024,Vitamin C 1000mg,Traphaco,Tránh ánh nắng trực tiếp,77,20,0,0
6/6/2024,Ibuprofen 400mg,Boston Pharma,Giữ trong tủ lạnh (2-8°C),23,28,0,1
6/6/2024,Aspirin 81mg,Traphaco,Tránh ánh nắng trực tiếp,18,31,0,1
6/6/2024,Cefixime 200mg,DHG Pharmacy,"Bảo quản nơi khô ráo, thoáng mát",87,22,0,0
6/6/2024,Loratadine 10mg,Boston Pharma,Giữ trong tủ lạnh (2-8°C),119,35,0,1
6/6/2024,Omeprazole 20mg,DHG Pharmacy,"Bảo quản nơi khô ráo, thoáng mát",13,24,0,1
6/7/2024,Paracetamol 500mg,Boston Pharma,Tránh ánh nắng trực tiếp,93,22,0,1
6/7/2024,Amoxicillin 250mg,Traphaco,Giữ trong tủ lạnh (2-8°C),53,26,0,1
6/7/2024,Vitamin C 1000mg,Imexpharm,Để xa tầm tay trẻ em,106,31,0,1
6/7/2024,Ibuprofen 400mg,Traphaco,Để xa tầm tay trẻ em,76,35,0,1
6/7/2024,Aspirin 81mg,Boston Pharma,Giữ trong tủ lạnh (2-8°C),84,29,0,0
6/7/2024,Cefixime 200mg,Mekophar,"Bảo quản nơi khô ráo, thoáng mát",117,25,0,0
6/7/2024,Loratadine 10mg,OPC Pharma,"Bảo quản nơi khô ráo, thoáng mát",23,33,0,1
6/7/2024,Omeprazole 20mg,Stella Pharma,Giữ trong tủ lạnh (2-8°C),57,27,0,1
6/8/2024,Paracetamol 500mg,DHG Pharmacy,Để xa tầm tay trẻ em,93,21,0,0
6/8/2024,Amoxicillin 250mg,Stella Pharma,"Bảo quản nơi khô ráo, thoáng mát",40,34,0,1
6/8/2024,Vitamin C 1000mg,Stella Pharma,Bảo quản ở nhiệt độ phòng,34,29,0,1
6/8/2024,Ibuprofen 400mg,OPC Pharma,"Bảo quản nơi khô ráo, thoáng mát",105,22,0,0
6/8/2024,Aspirin 81mg,Traphaco,Bảo quản ở nhiệt độ phòng,74,30,0,0
6/8/2024,Cefixime 200mg,OPC Pharma,Bảo quản ở nhiệt độ phòng,86,27,0,0
6/8/2024,Loratadine 10mg,Boston Pharma,Tránh ánh nắng trực tiếp,11,35,0,1
6/8/2024,Omeprazole 20mg,Imexpharm,Để xa tầm tay trẻ em,12,26,0,0
6/9/2024,Paracetamol 500mg,Boston Pharma,Để xa tầm tay trẻ em,73,32,0,0
6/9/2024,Amoxicillin 250mg,Imexpharm,Giữ trong tủ lạnh (2-8°C),98,28,0,1
6/9/2024,Vitamin C 1000mg,Imexpharm,Để xa tầm tay trẻ em,67,33,0,1
6/9/2024,Ibuprofen 400mg,Traphaco,"Bảo quản nơi khô ráo, thoáng mát",24,21,0,0
6/9/2024,Aspirin 81mg,Stella Pharma,Tránh ánh nắng trực tiếp,106,28,0,1
6/9/2024,Cefixime 200mg,Traphaco,Bảo quản ở nhiệt độ phòng,31,30,0,0
6/9/2024,Loratadine 10mg,Imexpharm,Bảo quản ở nhiệt độ phòng,85,24,0,1
6/9/2024,Omeprazole 20mg,Traphaco,Giữ trong tủ lạnh (2-8°C),51,32,0,1
6/10/2024,Paracetamol 500mg,Imexpharm,"Bảo quản nơi khô ráo, thoáng mát",16,31,0,1
6/10/2024,Amoxicillin 250mg,Boston Pharma,Bảo quản ở nhiệt độ phòng,33,29,0,1
6/10/2024,Vitamin C 1000mg,Imexpharm,Tránh ánh nắng trực tiếp,50,28,0,1
6/10/2024,Ibuprofen 400mg,Imexpharm,Giữ trong tủ lạnh (2-8°C),26,22,0,1
6/10/2024,Aspirin 81mg,DHG Pharmacy,"Bảo quản nơi khô ráo, thoáng mát",74,31,0,1
6/10/2024,Cefixime 200mg,Imexpharm,Để xa tầm tay trẻ em,19,22,0,1
6/10/2024,Loratadine 10mg,OPC Pharma,Để xa tầm tay trẻ em,88,30,0,0
6/10/2024,Omeprazole 20mg,OPC Pharma,Để xa tầm tay trẻ em,68,20,0,1
6/11/2024,Paracetamol 500mg,Traphaco,Giữ trong tủ lạnh (2-8°C),33,35,0,0
6/11/2024,Amoxicillin 250mg,OPC Pharma,Tránh ánh nắng trực tiếp,18,34,0,0
6/11/2024,Vitamin C 1000mg,Imexpharm,"Bảo quản nơi khô ráo, thoáng mát",67,28,0,0
6/11/2024,Ibuprofen 400mg,DHG Pharmacy,Giữ trong tủ lạnh (2-8°C),117,24,0,0
6/11/2024,Aspirin 81mg,Traphaco,"Bảo quản nơi khô ráo, thoáng mát",17,34,0,0
6/11/2024,Cefixime 200mg,DHG Pharmacy,Bảo quản ở nhiệt độ phòng,48,25,0,1
6/11/2024,Loratadine 10mg,Boston Pharma,Giữ trong tủ lạnh (2-8°C),104,23,0,1
6/11/2024,Omeprazole 20mg,Imexpharm,Bảo quản ở nhiệt độ phòng,23,24,0,0
6/12/2024,Paracetamol 500mg,Stella Pharma,"Bảo quản nơi khô ráo, thoáng mát",40,21,0,1
6/12/2024,Amoxicillin 250mg,Traphaco,Tránh ánh nắng trực tiếp,62,23,0,1
6/12/2024,Vitamin C 1000mg,OPC Pharma,Để xa tầm tay trẻ em,111,22,0,1
6/12/2024,Ibuprofen 400mg,Boston Pharma,Bảo quản ở nhiệt độ phòng,110,34,0,0
6/12/2024,Aspirin 81mg,Boston Pharma,"Bảo quản nơi khô ráo, thoáng mát",98,31,0,0
6/12/2024,Cefixime 200mg,OPC Pharma,Giữ trong tủ lạnh (2-8°C),105,28,0,1
6/12/2024,Loratadine 10mg,Imexpharm,Giữ trong tủ lạnh (2-8°C),95,21,0,1
6/12/2024,Omeprazole 20mg,Imexpharm,Bảo quản ở nhiệt độ phòng,81,24,0,1
6/13/2024,Paracetamol 500mg,Stella Pharma,Tránh ánh nắng trực tiếp,104,20,0,0
6/13/2024,Amoxicillin 250mg,Traphaco,"Bảo quản nơi khô ráo, thoáng mát",50,30,0,0
6/13/2024,Vitamin C 1000mg,Mekophar,Để xa tầm tay trẻ em,25,25,0,1
6/13/2024,Ibuprofen 400mg,OPC Pharma,"Bảo quản nơi khô ráo, thoáng mát",108,20,0,0
6/13/2024,Aspirin 81mg,Boston Pharma,Bảo quản ở nhiệt độ phòng,105,29,0,1
6/13/2024,Cefixime 200mg,Mekophar,Bảo quản ở nhiệt độ phòng,84,34,0,1
6/13/2024,Loratadine 10mg,DHG Pharmacy,Tránh ánh nắng trực tiếp,63,29,0,1
6/13/2024,Omeprazole 20mg,Traphaco,Giữ trong tủ lạnh (2-8°C),75,34,0,0
6/14/2024,Paracetamol 500mg,Stella Pharma,Để xa tầm tay trẻ em,74,32,0,0
6/14/2024,Amoxicillin 250mg,OPC Pharma,Giữ trong tủ lạnh (2-8°C),36,26,0,0
6/14/2024,Vitamin C 1000mg,DHG Pharmacy,Để xa tầm tay trẻ em,80,31,0,1
6/14/2024,Ibuprofen 400mg,Stella Pharma,Bảo quản ở nhiệt độ phòng,36,28,0,1
6/14/2024,Aspirin 81mg,Imexpharm,Tránh ánh nắng trực tiếp,30,26,0,0
6/14/2024,Cefixime 200mg,Mekophar,Giữ trong tủ lạnh (2-8°C),35,25,0,1
6/14/2024,Loratadine 10mg,Imexpharm,Để xa tầm tay trẻ em,17,24,0,0
6/14/2024,Omeprazole 20mg,DHG Pharmacy,Bảo quản ở nhiệt độ phòng,86,29,0,1
6/15/2024,Paracetamol 500mg,DHG Pharmacy,Giữ trong tủ lạnh (2-8°C),20,29,0,0
6/15/2024,Amoxicillin 250mg,Imexpharm,Giữ trong tủ lạnh (2-8°C),97,20,0,0
6/15/2024,Vitamin C 1000mg,Imexpharm,"Bảo quản nơi khô ráo, thoáng mát",107,20,0,1
6/15/2024,Ibuprofen 400mg,Boston Pharma,Giữ trong tủ lạnh (2-8°C),22,33,0,1
6/15/2024,Aspirin 81mg,DHG Pharmacy,"Bảo quản nơi khô ráo, thoáng mát",88,30,0,1
6/15/2024,Cefixime 200mg,OPC Pharma,"Bảo quản nơi khô ráo, thoáng mát",58,32,0,1
6/15/2024,Loratadine 10mg,Mekophar,"Bảo quản nơi khô ráo, thoáng mát",41,24,0,0
6/15/2024,Omeprazole 20mg,Mekophar,Để xa tầm tay trẻ em,60,28,0,0
6/16/2024,Paracetamol 500mg,Traphaco,Để xa tầm tay trẻ em,111,26,0,0
6/16/2024,Amoxicillin 250mg,DHG Pharmacy,Giữ trong tủ lạnh (2-8°C),65,23,0,0
6/16/2024,Vitamin C 1000mg,DHG Pharmacy,"Bảo quản nơi khô ráo, thoáng mát",118,22,0,0
6/16/2024,Ibuprofen 400mg,DHG Pharmacy,"Bảo quản nơi khô ráo, thoáng mát",49,33,0,1
6/16/2024,Aspirin 81mg,Mekophar,Giữ trong tủ lạnh (2-8°C),37,22,0,1
6/16/2024,Cefixime 200mg,Boston Pharma,"Bảo quản nơi khô ráo, thoáng mát",64,28,0,0
6/16/2024,Loratadine 10mg,Imexpharm,"Bảo quản nơi khô ráo, thoáng mát",20,25,0,1
6/16/2024,Omeprazole 20mg,DHG Pharmacy,Để xa tầm tay trẻ em,119,34,0,1
6/17/2024,Paracetamol 500mg,Stella Pharma,Bảo quản ở nhiệt độ phòng,78,33,0,0
6/17/2024,Amoxicillin 250mg,DHG Pharmacy,Giữ trong tủ lạnh (2-8°C),23,24,0,1
6/17/2024,Vitamin C 1000mg,Traphaco,Giữ trong tủ lạnh (2-8°C),93,27,0,0
6/17/2024,Ibuprofen 400mg,Imexpharm,Bảo quản ở nhiệt độ phòng,27,35,0,0
6/17/2024,Aspirin 81mg,OPC Pharma,Tránh ánh nắng trực tiếp,106,34,0,1
6/17/2024,Cefixime 200mg,Mekophar,"Bảo quản nơi khô ráo, thoáng mát",94,24,0,1
6/17/2024,Loratadine 10mg,DHG Pharmacy,Giữ trong tủ lạnh (2-8°C),23,21,0,0
6/17/2024,Omeprazole 20mg,OPC Pharma,Để xa tầm tay trẻ em,115,28,0,0
6/18/2024,Paracetamol 500mg,Mekophar,Bảo quản ở nhiệt độ phòng,22,23,0,1
6/18/2024,Amoxicillin 250mg,Mekophar,"Bảo quản nơi khô ráo, thoáng mát",22,29,0,0
6/18/2024,Vitamin C 1000mg,Mekophar,Giữ trong tủ lạnh (2-8°C),79,30,0,1
6/18/2024,Ibuprofen 400mg,OPC Pharma,"Bảo quản nơi khô ráo, thoáng mát",25,35,0,0
6/18/2024,Aspirin 81mg,Imexpharm,Giữ trong tủ lạnh (2-8°C),22,24,0,0
6/18/2024,Cefixime 200mg,Traphaco,Tránh ánh nắng trực tiếp,79,35,0,0
6/18/2024,Loratadine 10mg,Stella Pharma,Giữ trong tủ lạnh (2-8°C),10,26,0,1
6/18/2024,Omeprazole 20mg,DHG Pharmacy,Giữ trong tủ lạnh (2-8°C),36,33,0,1
6/19/2024,Paracetamol 500mg,Stella Pharma,Bảo quản ở nhiệt độ phòng,35,20,0,1
6/19/2024,Amoxicillin 250mg,DHG Pharmacy,Để xa tầm tay trẻ em,15,32,0,1
6/19/2024,Vitamin C 1000mg,Traphaco,Để xa tầm tay trẻ em,94,26,0,1
6/19/2024,Ibuprofen 400mg,Stella Pharma,"Bảo quản nơi khô ráo, thoáng mát",13,23,0,1
6/19/2024,Aspirin 81mg,OPC Pharma,Tránh ánh nắng trực tiếp,84,21,0,0
6/19/2024,Cefixime 200mg,OPC Pharma,Bảo quản ở nhiệt độ phòng,89,34,0,1
6/19/2024,Loratadine 10mg,Traphaco,Để xa tầm tay trẻ em,23,21,0,0
6/19/2024,Omeprazole 20mg,Stella Pharma,"Bảo quản nơi khô ráo, thoáng mát",33,27,0,1
6/20/2024,Paracetamol 500mg,DHG Pharmacy,Tránh ánh nắng trực tiếp,99,27,0,0
6/20/2024,Amoxicillin 250mg,Mekophar,"Bảo quản nơi khô ráo, thoáng mát",105,30,0,0
6/20/2024,Vitamin C 1000mg,DHG Pharmacy,Giữ trong tủ lạnh (2-8°C),30,31,0,0
6/20/2024,Ibuprofen 400mg,Traphaco,"Bảo quản nơi khô ráo, thoáng mát",14,26,0,0
6/20/2024,Aspirin 81mg,Traphaco,Tránh ánh nắng trực tiếp,85,28,0,1
6/20/2024,Cefixime 200mg,Boston Pharma,Tránh ánh nắng trực tiếp,18,33,0,0
6/20/2024,Loratadine 10mg,Mekophar,"Bảo quản nơi khô ráo, thoáng mát",66,27,0,0
6/20/2024,Omeprazole 20mg,Stella Pharma,Giữ trong tủ lạnh (2-8°C),66,33,0,1
6/21/2024,Paracetamol 500mg,OPC Pharma,Giữ trong tủ lạnh (2-8°C),32,34,0,1
6/21/2024,Amoxicillin 250mg,Imexpharm,Để xa tầm tay trẻ em,63,28,0,0
6/21/2024,Vitamin C 1000mg,Mekophar,Để xa tầm tay trẻ em,18,28,0,1
6/21/2024,Ibuprofen 400mg,Imexpharm,Bảo quản ở nhiệt độ phòng,92,32,0,1
6/21/2024,Aspirin 81mg,Traphaco,Bảo quản ở nhiệt độ phòng,15,26,0,0
6/21/2024,Cefixime 200mg,Imexpharm,Giữ trong tủ lạnh (2-8°C),12,23,0,0
6/21/2024,Loratadine 10mg,Imexpharm,Tránh ánh nắng trực tiếp,66,34,0,1
6/21/2024,Omeprazole 20mg,Imexpharm,"Bảo quản nơi khô ráo, thoáng mát",113,32,0,0
6/22/2024,Paracetamol 500mg,OPC Pharma,Giữ trong tủ lạnh (2-8°C),112,25,0,1
6/22/2024,Amoxicillin 250mg,OPC Pharma,Bảo quản ở nhiệt độ phòng,111,29,0,1
6/22/2024,Vitamin C 1000mg,Mekophar,Tránh ánh nắng trực tiếp,101,32,0,0
6/22/2024,Ibuprofen 400mg,Traphaco,Để xa tầm tay trẻ em,11,33,0,0
6/22/2024,Aspirin 81mg,Boston Pharma,Tránh ánh nắng trực tiếp,66,33,0,1
6/22/2024,Cefixime 200mg,Imexpharm,Để xa tầm tay trẻ em,63,25,0,1
6/22/2024,Loratadine 10mg,Stella Pharma,Giữ trong tủ lạnh (2-8°C),73,20,0,1
6/22/2024,Omeprazole 20mg,OPC Pharma,Bảo quản ở nhiệt độ phòng,55,22,0,0
6/23/2024,Paracetamol 500mg,Mekophar,Để xa tầm tay trẻ em,94,32,0,1
6/23/2024,Amoxicillin 250mg,DHG Pharmacy,"Bảo quản nơi khô ráo, thoáng mát",87,32,0,1
6/23/2024,Vitamin C 1000mg,Mekophar,Giữ trong tủ lạnh (2-8°C),59,22,0,1
6/23/2024,Ibuprofen 400mg,Imexpharm,"Bảo quản nơi khô ráo, thoáng mát",33,32,0,0
6/23/2024,Aspirin 81mg,Traphaco,Giữ trong tủ lạnh (2-8°C),101,22,0,0
6/23/2024,Cefixime 200mg,Boston Pharma,Để xa tầm tay trẻ em,85,28,0,1
6/23/2024,Loratadine 10mg,Boston Pharma,Giữ trong tủ lạnh (2-8°C),79,26,0,0
6/23/2024,Omeprazole 20mg,Stella Pharma,Giữ trong tủ lạnh (2-8°C),37,22,0,1
6/24/2024,Paracetamol 500mg,Imexpharm,Tránh ánh nắng trực tiếp,76,20,0,0
6/24/2024,Amoxicillin 250mg,Stella Pharma,Tránh ánh nắng trực tiếp,92,29,0,0
6/24/2024,Vitamin C 1000mg,Stella Pharma,Tránh ánh nắng trực tiếp,24,26,0,1
6/24/2024,Ibuprofen 400mg,OPC Pharma,Bảo quản ở nhiệt độ phòng,94,27,0,1
6/24/2024,Aspirin 81mg,Traphaco,"Bảo quản nơi khô ráo, thoáng mát",100,28,0,0
6/24/2024,Cefixime 200mg,Imexpharm,Tránh ánh nắng trực tiếp,12,20,0,1
6/24/2024,Loratadine 10mg,Imexpharm,"Bảo quản nơi khô ráo, thoáng mát",119,30,0,1
6/24/2024,Omeprazole 20mg,Boston Pharma,"Bảo quản nơi khô ráo, thoáng mát",86,28,0,1
6/25/2024,Paracetamol 500mg,Mekophar,Tránh ánh nắng trực tiếp,108,26,0,1
6/25/2024,Amoxicillin 250mg,Boston Pharma,Giữ trong tủ lạnh (2-8°C),90,27,0,1
6/25/2024,Vitamin C 1000mg,OPC Pharma,Tránh ánh nắng trực tiếp,30,35,0,1
6/25/2024,Ibuprofen 400mg,Traphaco,Bảo quản ở nhiệt độ phòng,36,25,0,0
6/25/2024,Aspirin 81mg,OPC Pharma,Bảo quản ở nhiệt độ phòng,119,35,0,0
6/25/2024,Cefixime 200mg,Traphaco,"Bảo quản nơi khô ráo, thoáng mát",95,35,0,0
6/25/2024,Loratadine 10mg,Mekophar,"Bảo quản nơi khô ráo, thoáng mát",94,29,0,0
6/25/2024,Omeprazole 20mg,Boston Pharma,Giữ trong tủ lạnh (2-8°C),53,24,0,1
6/26/2024,Paracetamol 500mg,DHG Pharmacy,Tránh ánh nắng trực tiếp,96,26,0,1
6/26/2024,Amoxicillin 250mg,Boston Pharma,"Bảo quản nơi khô ráo, thoáng mát",43,21,0,0
6/26/2024,Vitamin C 1000mg,Imexpharm,Tránh ánh nắng trực tiếp,20,20,0,0
6/26/2024,Ibuprofen 400mg,DHG Pharmacy,Giữ trong tủ lạnh (2-8°C),75,33,0,1
6/26/2024,Aspirin 81mg,Boston Pharma,Bảo quản ở nhiệt độ phòng,38,26,0,1
6/26/2024,Cefixime 200mg,Stella Pharma,Bảo quản ở nhiệt độ phòng,16,30,0,0
6/26/2024,Loratadine 10mg,Mekophar,Để xa tầm tay trẻ em,51,27,0,0
6/26/2024,Omeprazole 20mg,DHG Pharmacy,Tránh ánh nắng trực tiếp,37,24,0,1
6/27/2024,Paracetamol 500mg,Traphaco,Để xa tầm tay trẻ em,52,31,0,0
6/27/2024,Amoxicillin 250mg,DHG Pharmacy,Để xa tầm tay trẻ em,96,29,0,0
6/27/2024,Vitamin C 1000mg,Traphaco,Bảo quản ở nhiệt độ phòng,96,20,0,0
6/27/2024,Ibuprofen 400mg,Boston Pharma,Để xa tầm tay trẻ em,11,22,0,0
6/27/2024,Aspirin 81mg,DHG Pharmacy,Bảo quản ở nhiệt độ phòng,31,32,0,0
6/27/2024,Cefixime 200mg,Mekophar,"Bảo quản nơi khô ráo, thoáng mát",78,23,0,0
6/27/2024,Loratadine 10mg,Traphaco,Tránh ánh nắng trực tiếp,56,27,0,0
6/27/2024,Omeprazole 20mg,Traphaco,Tránh ánh nắng trực tiếp,68,22,0,0
6/28/2024,Paracetamol 500mg,OPC Pharma,Giữ trong tủ lạnh (2-8°C),38,23,0,1
6/28/2024,Amoxicillin 250mg,DHG Pharmacy,Tránh ánh nắng trực tiếp,71,21,0,1
6/28/2024,Vitamin C 1000mg,DHG Pharmacy,Để xa tầm tay trẻ em,79,21,0,1
6/28/2024,Ibuprofen 400mg,Traphaco,"Bảo quản nơi khô ráo, thoáng mát",60,25,0,0
6/28/2024,Aspirin 81mg,Imexpharm,Tránh ánh nắng trực tiếp,65,21,0,1
6/28/2024,Cefixime 200mg,Boston Pharma,Tránh ánh nắng trực tiếp,31,20,0,1
6/28/2024,Loratadine 10mg,Traphaco,Tránh ánh nắng trực tiếp,27,30,0,1
6/28/2024,Omeprazole 20mg,Mekophar,Giữ trong tủ lạnh (2-8°C),44,29,0,1
